{
  "minecraft:recipes/decorations/crafting_table": {
    "criteria": {
      "unlock_right_away": "2024-08-16 15:15:38 +0800"
    },
    "done": true
  },
  "betterend:root": {
    "criteria": {
      "welcome": "2024-08-16 15:15:39 +0800"
    },
    "done": true
  },
  "minecraft:adventure/adventuring_time": {
    "criteria": {
      "minecraft:plains": "2024-08-16 15:15:39 +0800"
    },
    "done": false
  },
  "create:root": {
    "criteria": {
      "0": "2024-08-16 22:41:55 +0800"
    },
    "done": true
  },
  "minecraft:recipes/misc/paper": {
    "criteria": {
      "has_reeds": "2024-08-16 22:41:55 +0800"
    },
    "done": true
  },
  "minecraft:recipes/misc/sugar_from_sugar_cane": {
    "criteria": {
      "has_sugar_cane": "2024-08-16 22:41:55 +0800"
    },
    "done": true
  },
  "farmersdelight:main/root": {
    "criteria": {
      "seeds": "2024-08-16 22:41:55 +0800"
    },
    "done": true
  },
  "minecraft:recipes/decorations/chest": {
    "criteria": {
      "has_lots_of_items": "2024-08-16 22:45:29 +0800"
    },
    "done": true
  },
  "minecraft:recipes/transportation/cherry_boat": {
    "criteria": {
      "in_water": "2024-08-16 23:01:28 +0800"
    },
    "done": true
  },
  "minecraft:recipes/transportation/bamboo_raft": {
    "criteria": {
      "in_water": "2024-08-16 23:01:28 +0800"
    },
    "done": true
  },
  "minecraft:recipes/transportation/acacia_boat": {
    "criteria": {
      "in_water": "2024-08-16 23:01:28 +0800"
    },
    "done": true
  },
  "minecraft:recipes/transportation/jungle_boat": {
    "criteria": {
      "in_water": "2024-08-16 23:01:28 +0800"
    },
    "done": true
  },
  "minecraft:recipes/transportation/spruce_boat": {
    "criteria": {
      "in_water": "2024-08-16 23:01:28 +0800"
    },
    "done": true
  },
  "minecraft:recipes/transportation/birch_boat": {
    "criteria": {
      "in_water": "2024-08-16 23:01:28 +0800"
    },
    "done": true
  },
  "minecraft:recipes/transportation/oak_boat": {
    "criteria": {
      "in_water": "2024-08-16 23:01:28 +0800"
    },
    "done": true
  },
  "minecraft:recipes/transportation/mangrove_boat": {
    "criteria": {
      "in_water": "2024-08-16 23:01:28 +0800"
    },
    "done": true
  },
  "minecraft:recipes/transportation/dark_oak_boat": {
    "criteria": {
      "in_water": "2024-08-16 23:01:28 +0800"
    },
    "done": true
  },
  "create:recipes/building_blocks/crafting/kinetics/blue_seat": {
    "criteria": {
      "has_wool": "2024-08-16 23:10:46 +0800"
    },
    "done": true
  },
  "create:recipes/building_blocks/crafting/kinetics/magenta_seat": {
    "criteria": {
      "has_wool": "2024-08-16 23:10:46 +0800"
    },
    "done": true
  },
  "create:recipes/building_blocks/crafting/kinetics/light_blue_seat": {
    "criteria": {
      "has_wool": "2024-08-16 23:10:46 +0800"
    },
    "done": true
  },
  "minecraft:recipes/decorations/cyan_bed": {
    "criteria": {
      "has_cyan_wool": "2024-08-16 23:10:46 +0800"
    },
    "done": true
  },
  "minecraft:recipes/decorations/cyan_banner": {
    "criteria": {
      "has_cyan_wool": "2024-08-16 23:10:46 +0800"
    },
    "done": true
  },
  "create:recipes/building_blocks/crafting/kinetics/green_seat": {
    "criteria": {
      "has_wool": "2024-08-16 23:10:46 +0800"
    },
    "done": true
  },
  "create:recipes/building_blocks/crafting/kinetics/purple_seat": {
    "criteria": {
      "has_wool": "2024-08-16 23:10:46 +0800"
    },
    "done": true
  },
  "create:recipes/building_blocks/crafting/kinetics/brown_seat": {
    "criteria": {
      "has_wool": "2024-08-16 23:10:46 +0800"
    },
    "done": true
  },
  "create:recipes/building_blocks/crafting/kinetics/gray_seat": {
    "criteria": {
      "has_wool": "2024-08-16 23:10:46 +0800"
    },
    "done": true
  },
  "minecraft:recipes/decorations/painting": {
    "criteria": {
      "has_wool": "2024-08-16 23:10:46 +0800"
    },
    "done": true
  },
  "create:recipes/building_blocks/crafting/kinetics/red_seat": {
    "criteria": {
      "has_wool": "2024-08-16 23:10:46 +0800"
    },
    "done": true
  },
  "create:recipes/building_blocks/crafting/kinetics/light_gray_seat": {
    "criteria": {
      "has_wool": "2024-08-16 23:10:46 +0800"
    },
    "done": true
  },
  "create:recipes/building_blocks/crafting/kinetics/orange_seat": {
    "criteria": {
      "has_wool": "2024-08-16 23:10:46 +0800"
    },
    "done": true
  },
  "create:recipes/building_blocks/crafting/kinetics/cyan_seat": {
    "criteria": {
      "has_wool": "2024-08-16 23:10:46 +0800"
    },
    "done": true
  },
  "minecraft:recipes/decorations/cyan_carpet": {
    "criteria": {
      "has_cyan_wool": "2024-08-16 23:10:46 +0800"
    },
    "done": true
  },
  "create:recipes/building_blocks/crafting/kinetics/pink_seat": {
    "criteria": {
      "has_wool": "2024-08-16 23:10:46 +0800"
    },
    "done": true
  },
  "create:recipes/building_blocks/crafting/kinetics/black_seat": {
    "criteria": {
      "has_wool": "2024-08-16 23:10:46 +0800"
    },
    "done": true
  },
  "create:recipes/building_blocks/crafting/kinetics/white_seat": {
    "criteria": {
      "has_wool": "2024-08-16 23:10:46 +0800"
    },
    "done": true
  },
  "create:recipes/building_blocks/crafting/kinetics/lime_seat": {
    "criteria": {
      "has_wool": "2024-08-16 23:10:46 +0800"
    },
    "done": true
  },
  "create:recipes/building_blocks/crafting/kinetics/yellow_seat": {
    "criteria": {
      "has_wool": "2024-08-16 23:10:46 +0800"
    },
    "done": true
  },
  "create:windmill": {
    "criteria": {
      "0": "2024-08-16 23:11:21 +0800"
    },
    "done": true
  },
  "bclib:recipes/decorations/tag_shulker_box": {
    "criteria": {
      "has_tag_c_chest": "2024-08-16 23:13:32 +0800"
    },
    "done": true
  },
  "extended_drawers:recipes/decorations/double_drawer": {
    "criteria": {
      "has_chest": "2024-08-16 23:13:32 +0800"
    },
    "done": true
  },
  "extended_drawers:recipes/decorations/single_drawer": {
    "criteria": {
      "has_chest": "2024-08-16 23:13:32 +0800"
    },
    "done": true
  },
  "extended_drawers:recipes/decorations/compacting_drawer": {
    "criteria": {
      "has_chest": "2024-08-16 23:13:32 +0800"
    },
    "done": true
  },
  "extended_drawers:recipes/decorations/quad_drawer": {
    "criteria": {
      "has_chest": "2024-08-16 23:13:32 +0800"
    },
    "done": true
  },
  "bclib:recipes/redstone/tag_hopper": {
    "criteria": {
      "has_tag_c_chest": "2024-08-16 23:13:32 +0800"
    },
    "done": true
  },
  "create:contraption_actors": {
    "criteria": {
      "0": "2024-08-16 23:18:39 +0800"
    },
    "done": true
  },
  "create:wrench_goggles": {
    "criteria": {
      "0": "2024-08-17 09:20:48 +0800",
      "1": "2024-08-17 09:06:51 +0800"
    },
    "done": true
  },
  "create:recipes/misc/crafting/kinetics/sail_framefrom_conversion": {
    "criteria": {
      "has_item": "2024-08-17 09:07:55 +0800"
    },
    "done": true
  },
  "create:recipes/misc/crafting/kinetics/secondary_linear_chassisfrom_conversion": {
    "criteria": {
      "has_item": "2024-08-17 09:08:07 +0800"
    },
    "done": true
  },
  "create:windmill_maxed": {
    "criteria": {
      "0": "2024-08-17 09:14:28 +0800"
    },
    "done": true
  },
  "create:extendo_grip": {
    "criteria": {
      "0": "2024-08-17 09:14:51 +0800"
    },
    "done": true
  },
  "vinery:dirt_slab": {
    "criteria": {
      "has_dirt": "2024-08-17 09:15:41 +0800"
    },
    "done": true
  },
  "create:speed_controller": {
    "criteria": {
      "0": "2024-08-17 09:16:25 +0800"
    },
    "done": true
  },
  "create:recipes/misc/crafting/kinetics/gearbox": {
    "criteria": {
      "has_item": "2024-08-17 09:20:32 +0800"
    },
    "done": true
  },
  "create:mechanical_pump_0": {
    "criteria": {
      "0": "2024-08-17 09:20:36 +0800"
    },
    "done": true
  },
  "create:recipes/misc/crafting/kinetics/mysterious_cuckoo_clock": {
    "criteria": {
      "has_item": "2024-08-17 09:32:26 +0800"
    },
    "done": true
  },
  "create:recipes/misc/crafting/kinetics/nozzle": {
    "criteria": {
      "has_item": "2024-08-17 09:32:55 +0800"
    },
    "done": true
  },
  "create:encased_fan": {
    "criteria": {
      "0": "2024-08-17 09:32:55 +0800"
    },
    "done": true
  },
  "create:burner": {
    "criteria": {
      "0": "2024-08-17 09:32:59 +0800"
    },
    "done": true
  },
  "create:recipes/misc/crafting/kinetics/smart_chute": {
    "criteria": {
      "has_item": "2024-08-17 09:33:13 +0800"
    },
    "done": true
  },
  "create:hose_pulley": {
    "criteria": {
      "0": "2024-08-17 09:46:11 +0800"
    },
    "done": true
  },
  "create:glass_pipe": {
    "criteria": {
      "0": "2024-08-17 09:47:36 +0800"
    },
    "done": true
  },
  "railways:recipes/misc/crafting/fuel_tank": {
    "criteria": {
      "has_item": "2024-08-17 09:48:18 +0800"
    },
    "done": true
  },
  "minecraft:husbandry/root": {
    "criteria": {
      "consumed_item": "2024-08-17 10:04:39 +0800"
    },
    "done": true
  },
  "minecraft:husbandry/balanced_diet": {
    "criteria": {
      "bread": "2024-08-17 10:04:39 +0800",
      "enchanted_golden_apple": "2024-08-17 14:01:21 +0800"
    },
    "done": false
  },
  "create:belt": {
    "criteria": {
      "0": "2024-08-17 10:10:44 +0800"
    },
    "done": true
  },
  "minecraft:recipes/decorations/shulker_box": {
    "criteria": {
      "has_shulker_shell": "2024-08-17 10:13:06 +0800"
    },
    "done": true
  },
  "minecraft:recipes/brewing/cauldron": {
    "criteria": {
      "has_water_bucket": "2024-08-17 10:22:03 +0800"
    },
    "done": true
  },
  "betterend:recipes/misc/shadow_berry_jelly": {
    "criteria": {
      "has_tag_c_water_bottles": "2024-08-17 10:22:03 +0800"
    },
    "done": true
  },
  "betterend:recipes/misc/sweet_berry_jelly": {
    "criteria": {
      "has_tag_c_water_bottles": "2024-08-17 10:22:03 +0800"
    },
    "done": true
  },
  "betterend:recipes/misc/blossom_berry_jelly": {
    "criteria": {
      "has_tag_c_water_bottles": "2024-08-17 10:22:03 +0800"
    },
    "done": true
  },
  "create:steam_engine_maxed": {
    "criteria": {
      "0": "2024-08-17 10:22:05 +0800"
    },
    "done": true
  },
  "create:steam_engine": {
    "criteria": {
      "0": "2024-08-17 10:22:46 +0800"
    },
    "done": true
  },
  "minecraft:recipes/redstone/redstone": {
    "criteria": {
      "has_redstone_block": "2024-08-17 10:30:25 +0800"
    },
    "done": true
  },
  "create:steam_whistle": {
    "criteria": {
      "0": "2024-08-17 10:30:26 +0800"
    },
    "done": true
  },
  "create:recipes/misc/crafting/kinetics/stressometerfrom_conversion": {
    "criteria": {
      "has_item": "2024-08-17 10:31:29 +0800"
    },
    "done": true
  },
  "create:recipes/misc/crafting/kinetics/speedometerfrom_conversion": {
    "criteria": {
      "has_item": "2024-08-17 10:31:30 +0800"
    },
    "done": true
  },
  "create:stressometer": {
    "criteria": {
      "0": "2024-08-17 10:31:54 +0800"
    },
    "done": true
  },
  "farmersdelight:recipes/farmersdelight/cooking/beef_stew": {
    "criteria": {
      "has_any_ingredient": "2024-08-17 10:35:35 +0800"
    },
    "done": true
  },
  "minecraft:recipes/food/baked_potato_from_campfire_cooking": {
    "criteria": {
      "has_potato": "2024-08-17 10:35:35 +0800"
    },
    "done": true
  },
  "farmersdelight:recipes/farmersdelight/cooking/baked_cod_stew": {
    "criteria": {
      "has_any_ingredient": "2024-08-17 10:35:35 +0800"
    },
    "done": true
  },
  "minecraft:recipes/food/baked_potato": {
    "criteria": {
      "has_potato": "2024-08-17 10:35:35 +0800"
    },
    "done": true
  },
  "minecraft:recipes/food/baked_potato_from_smoking": {
    "criteria": {
      "has_potato": "2024-08-17 10:35:35 +0800"
    },
    "done": true
  },
  "minecraft:recipes/misc/mojang_banner_pattern": {
    "criteria": {
      "has_enchanted_golden_apple": "2024-08-17 10:38:24 +0800"
    },
    "done": true
  },
  "createdeco:recipes/decorations/pink_shipping_container_from_dyeing_vaults": {
    "criteria": {
      "has_item": "2024-08-17 13:41:08 +0800"
    },
    "done": true
  },
  "createdeco:recipes/decorations/red_shipping_container_from_dyeing_vaults": {
    "criteria": {
      "has_item": "2024-08-17 13:41:08 +0800"
    },
    "done": true
  },
  "createdeco:recipes/decorations/magenta_shipping_container_from_dyeing_vaults": {
    "criteria": {
      "has_item": "2024-08-17 13:41:08 +0800"
    },
    "done": true
  },
  "createdeco:recipes/decorations/light_blue_shipping_container_from_dyeing_vaults": {
    "criteria": {
      "has_item": "2024-08-17 13:41:08 +0800"
    },
    "done": true
  },
  "createdeco:recipes/decorations/blue_shipping_container_from_dyeing_vaults": {
    "criteria": {
      "has_item": "2024-08-17 13:41:08 +0800"
    },
    "done": true
  },
  "createdeco:recipes/decorations/yellow_shipping_container_from_dyeing_vaults": {
    "criteria": {
      "has_item": "2024-08-17 13:41:08 +0800"
    },
    "done": true
  },
  "createdeco:recipes/decorations/orange_shipping_container_from_dyeing_vaults": {
    "criteria": {
      "has_item": "2024-08-17 13:41:08 +0800"
    },
    "done": true
  },
  "createdeco:recipes/decorations/purple_shipping_container_from_dyeing_vaults": {
    "criteria": {
      "has_item": "2024-08-17 13:41:08 +0800"
    },
    "done": true
  },
  "createdeco:recipes/decorations/white_shipping_container_from_dyeing_vaults": {
    "criteria": {
      "has_item": "2024-08-17 13:41:08 +0800"
    },
    "done": true
  },
  "createdeco:recipes/decorations/gray_shipping_container_from_dyeing_vaults": {
    "criteria": {
      "has_item": "2024-08-17 13:41:08 +0800"
    },
    "done": true
  },
  "createdeco:recipes/decorations/cyan_shipping_container_from_dyeing_vaults": {
    "criteria": {
      "has_item": "2024-08-17 13:41:08 +0800"
    },
    "done": true
  },
  "createdeco:recipes/decorations/light_gray_shipping_container_from_dyeing_vaults": {
    "criteria": {
      "has_item": "2024-08-17 13:41:08 +0800"
    },
    "done": true
  },
  "createdeco:recipes/decorations/black_shipping_container_from_dyeing_vaults": {
    "criteria": {
      "has_item": "2024-08-17 13:41:08 +0800"
    },
    "done": true
  },
  "createdeco:recipes/decorations/green_shipping_container_from_dyeing_vaults": {
    "criteria": {
      "has_item": "2024-08-17 13:41:08 +0800"
    },
    "done": true
  },
  "createdeco:recipes/decorations/brown_shipping_container_from_dyeing_vaults": {
    "criteria": {
      "has_item": "2024-08-17 13:41:08 +0800"
    },
    "done": true
  },
  "createdeco:recipes/decorations/lime_shipping_container_from_dyeing_vaults": {
    "criteria": {
      "has_item": "2024-08-17 13:41:08 +0800"
    },
    "done": true
  },
  "create:clockwork_bearing": {
    "criteria": {
      "0": "2024-08-17 13:45:06 +0800"
    },
    "done": true
  },
  "create:recipes/building_blocks/polished_cut_andesite_stairs_from_stone_types_andesite_stonecutting": {
    "criteria": {
      "has_stone_types_andesite": "2024-08-17 13:49:51 +0800"
    },
    "done": true
  },
  "create:recipes/building_blocks/cut_andesite_slab_from_stone_types_andesite_stonecutting": {
    "criteria": {
      "has_stone_types_andesite": "2024-08-17 13:49:51 +0800"
    },
    "done": true
  },
  "create:recipes/building_blocks/small_andesite_brick_slab_from_stone_types_andesite_stonecutting": {
    "criteria": {
      "has_stone_types_andesite": "2024-08-17 13:49:51 +0800"
    },
    "done": true
  },
  "minecraft:recipes/building_blocks/andesite_stairs": {
    "criteria": {
      "has_andesite": "2024-08-17 13:49:51 +0800"
    },
    "done": true
  },
  "create:recipes/building_blocks/small_andesite_brick_stairs_from_stone_types_andesite_stonecutting": {
    "criteria": {
      "has_stone_types_andesite": "2024-08-17 13:49:51 +0800"
    },
    "done": true
  },
  "create:recipes/building_blocks/cut_andesite_bricks_from_stone_types_andesite_stonecutting": {
    "criteria": {
      "has_stone_types_andesite": "2024-08-17 13:49:51 +0800"
    },
    "done": true
  },
  "create:recipes/building_blocks/small_andesite_bricks_from_stone_types_andesite_stonecutting": {
    "criteria": {
      "has_stone_types_andesite": "2024-08-17 13:49:51 +0800"
    },
    "done": true
  },
  "minecraft:recipes/building_blocks/polished_andesite_from_andesite_stonecutting": {
    "criteria": {
      "has_andesite": "2024-08-17 13:49:51 +0800"
    },
    "done": true
  },
  "create:recipes/building_blocks/polished_cut_andesite_from_stone_types_andesite_stonecutting": {
    "criteria": {
      "has_stone_types_andesite": "2024-08-17 13:49:51 +0800"
    },
    "done": true
  },
  "create:recipes/building_blocks/cut_andesite_wall_from_stone_types_andesite_stonecutting": {
    "criteria": {
      "has_stone_types_andesite": "2024-08-17 13:49:51 +0800"
    },
    "done": true
  },
  "create:recipes/building_blocks/small_andesite_brick_wall_from_stone_types_andesite_stonecutting": {
    "criteria": {
      "has_stone_types_andesite": "2024-08-17 13:49:51 +0800"
    },
    "done": true
  },
  "minecraft:recipes/building_blocks/polished_andesite_stairs_from_andesite_stonecutting": {
    "criteria": {
      "has_andesite": "2024-08-17 13:49:51 +0800"
    },
    "done": true
  },
  "create:recipes/building_blocks/cut_andesite_brick_slab_from_stone_types_andesite_stonecutting": {
    "criteria": {
      "has_stone_types_andesite": "2024-08-17 13:49:51 +0800"
    },
    "done": true
  },
  "create:recipes/building_blocks/layered_andesite_from_stone_types_andesite_stonecutting": {
    "criteria": {
      "has_stone_types_andesite": "2024-08-17 13:49:51 +0800"
    },
    "done": true
  },
  "minecraft:recipes/decorations/andesite_wall_from_andesite_stonecutting": {
    "criteria": {
      "has_andesite": "2024-08-17 13:49:51 +0800"
    },
    "done": true
  },
  "create:recipes/building_blocks/andesite_from_stone_types_andesite_stonecutting": {
    "criteria": {
      "has_stone_types_andesite": "2024-08-17 13:49:51 +0800"
    },
    "done": true
  },
  "create:recipes/building_blocks/cut_andesite_from_stone_types_andesite_stonecutting": {
    "criteria": {
      "has_stone_types_andesite": "2024-08-17 13:49:51 +0800"
    },
    "done": true
  },
  "minecraft:recipes/building_blocks/polished_andesite_slab_from_andesite_stonecutting": {
    "criteria": {
      "has_andesite": "2024-08-17 13:49:51 +0800"
    },
    "done": true
  },
  "minecraft:recipes/building_blocks/andesite_slab_from_andesite_stonecutting": {
    "criteria": {
      "has_andesite": "2024-08-17 13:49:51 +0800"
    },
    "done": true
  },
  "create:recipes/building_blocks/polished_cut_andesite_slab_from_stone_types_andesite_stonecutting": {
    "criteria": {
      "has_stone_types_andesite": "2024-08-17 13:49:51 +0800"
    },
    "done": true
  },
  "minecraft:recipes/building_blocks/andesite_stairs_from_andesite_stonecutting": {
    "criteria": {
      "has_andesite": "2024-08-17 13:49:51 +0800"
    },
    "done": true
  },
  "create:recipes/building_blocks/cut_andesite_brick_wall_from_stone_types_andesite_stonecutting": {
    "criteria": {
      "has_stone_types_andesite": "2024-08-17 13:49:51 +0800"
    },
    "done": true
  },
  "create:recipes/building_blocks/andesite_pillar_from_stone_types_andesite_stonecutting": {
    "criteria": {
      "has_stone_types_andesite": "2024-08-17 13:49:51 +0800"
    },
    "done": true
  },
  "create:recipes/building_blocks/cut_andesite_stairs_from_stone_types_andesite_stonecutting": {
    "criteria": {
      "has_stone_types_andesite": "2024-08-17 13:49:51 +0800"
    },
    "done": true
  },
  "create:recipes/building_blocks/polished_cut_andesite_wall_from_stone_types_andesite_stonecutting": {
    "criteria": {
      "has_stone_types_andesite": "2024-08-17 13:49:51 +0800"
    },
    "done": true
  },
  "create:recipes/building_blocks/cut_andesite_brick_stairs_from_stone_types_andesite_stonecutting": {
    "criteria": {
      "has_stone_types_andesite": "2024-08-17 13:49:51 +0800"
    },
    "done": true
  },
  "minecraft:recipes/building_blocks/polished_andesite": {
    "criteria": {
      "has_andesite": "2024-08-17 13:49:51 +0800"
    },
    "done": true
  },
  "minecraft:recipes/decorations/andesite_wall": {
    "criteria": {
      "has_andesite": "2024-08-17 13:49:51 +0800"
    },
    "done": true
  },
  "minecraft:recipes/building_blocks/andesite_slab": {
    "criteria": {
      "has_andesite": "2024-08-17 13:49:51 +0800"
    },
    "done": true
  },
  "create:recipes/misc/crafting/schematics/schematicannon": {
    "criteria": {
      "has_item": "2024-08-17 13:52:33 +0800"
    },
    "done": true
  },
  "create:recipes/misc/crafting/schematics/schematic_table": {
    "criteria": {
      "has_item": "2024-08-17 13:52:33 +0800"
    },
    "done": true
  },
  "farmersdelight:recipes/food/potato_from_crate": {
    "criteria": {
      "has_potato_crate": "2024-08-19 10:07:06 +0800"
    },
    "done": true
  },
  "create:water_supply": {
    "criteria": {
      "0": "2024-08-20 17:49:56 +0800"
    },
    "done": true
  },
  "create:recipes/misc/crafting/kinetics/gearboxfrom_conversion": {
    "criteria": {
      "has_item": "2024-08-20 17:54:00 +0800"
    },
    "done": true
  },
  "create:recipes/misc/crafting/kinetics/vertical_gearboxfrom_conversion": {
    "criteria": {
      "has_item": "2024-08-20 18:02:44 +0800"
    },
    "done": true
  },
  "create_enchantment_industry:spirit_taking": {
    "criteria": {
      "builtin": "2024-08-20 18:03:37 +0800"
    },
    "done": true
  },
  "minecraft:recipes/building_blocks/lapis_block": {
    "criteria": {
      "has_lapis_lazuli": "2024-08-20 18:13:00 +0800"
    },
    "done": true
  },
  "minecraft:recipes/misc/blue_dye": {
    "criteria": {
      "has_lapis_lazuli": "2024-08-20 18:13:00 +0800"
    },
    "done": true
  },
  "minecraft:recipes/decorations/glow_item_frame": {
    "criteria": {
      "has_glow_ink_sac": "2024-08-20 18:13:13 +0800"
    },
    "done": true
  },
  "DataVersion": 3465
}