{
  "create:root": {
    "criteria": {
      "0": "2024-06-16 02:10:56 +0800"
    },
    "done": true
  },
  "minecraft:recipes/decorations/crafting_table": {
    "criteria": {
      "unlock_right_away": "2024-06-16 01:11:46 +0800"
    },
    "done": true
  },
  "betterend:root": {
    "criteria": {
      "welcome": "2024-06-16 01:11:46 +0800"
    },
    "done": true
  },
  "farmersdelight:main/root": {
    "criteria": {
      "seeds": "2024-06-16 02:10:56 +0800"
    },
    "done": true
  },
  "minecraft:adventure/adventuring_time": {
    "criteria": {
      "minecraft:plains": "2024-06-16 01:11:46 +0800"
    },
    "done": false
  },
  "DataVersion": 3465
}