{
  "minecraft:recipes/decorations/crafting_table": {
    "criteria": {
      "unlock_right_away": "2024-08-23 15:11:35 +0800"
    },
    "done": true
  },
  "betterend:root": {
    "criteria": {
      "welcome": "2024-08-23 15:11:36 +0800"
    },
    "done": true
  },
  "minecraft:adventure/adventuring_time": {
    "criteria": {
      "minecraft:plains": "2024-08-23 15:11:36 +0800"
    },
    "done": false
  },
  "railways:recipes/combat/dying_existing_cap_light_gray": {
    "criteria": {
      "hasitem": "2024-08-26 11:31:16 +0800"
    },
    "done": true
  },
  "createdeco:recipes/decorations/pink_shipping_container_from_dyeing_vaults": {
    "criteria": {
      "has_item": "2024-08-26 11:32:16 +0800"
    },
    "done": true
  },
  "railways:recipes/combat/dying_existing_cap_cyan": {
    "criteria": {
      "hasitem": "2024-08-26 11:31:16 +0800"
    },
    "done": true
  },
  "createdeco:recipes/decorations/red_shipping_container_from_dyeing_vaults": {
    "criteria": {
      "has_item": "2024-08-26 11:32:16 +0800"
    },
    "done": true
  },
  "create:root": {
    "criteria": {
      "0": "2024-08-26 11:31:16 +0800"
    },
    "done": true
  },
  "railways:recipes/combat/dying_existing_cap_red": {
    "criteria": {
      "hasitem": "2024-08-26 11:31:16 +0800"
    },
    "done": true
  },
  "create:recipes/misc/crafting/kinetics/furnace_minecart_from_contraption_cart": {
    "criteria": {
      "has_item": "2024-08-26 11:33:35 +0800"
    },
    "done": true
  },
  "extended_drawers:recipes/decorations/connector": {
    "criteria": {
      "has_drawer": "2024-08-26 11:39:45 +0800"
    },
    "done": true
  },
  "createdeco:recipes/decorations/magenta_shipping_container_from_dyeing_vaults": {
    "criteria": {
      "has_item": "2024-08-26 11:32:16 +0800"
    },
    "done": true
  },
  "createdeco:recipes/decorations/light_blue_shipping_container_from_dyeing_vaults": {
    "criteria": {
      "has_item": "2024-08-26 11:32:16 +0800"
    },
    "done": true
  },
  "createdeco:recipes/decorations/blue_shipping_container_from_dyeing_vaults": {
    "criteria": {
      "has_item": "2024-08-26 11:32:16 +0800"
    },
    "done": true
  },
  "extended_drawers:recipes/decorations/access_point": {
    "criteria": {
      "has_drawer": "2024-08-26 11:39:45 +0800"
    },
    "done": true
  },
  "railways:recipes/combat/dying_existing_cap_magenta": {
    "criteria": {
      "hasitem": "2024-08-26 11:31:16 +0800"
    },
    "done": true
  },
  "createdeco:recipes/decorations/yellow_shipping_container_from_dyeing_vaults": {
    "criteria": {
      "has_item": "2024-08-26 11:32:16 +0800"
    },
    "done": true
  },
  "create:recipes/misc/crafting/kinetics/minecart_from_contraption_cart": {
    "criteria": {
      "has_item": "2024-08-26 11:33:35 +0800"
    },
    "done": true
  },
  "createdeco:recipes/decorations/orange_shipping_container_from_dyeing_vaults": {
    "criteria": {
      "has_item": "2024-08-26 11:32:16 +0800"
    },
    "done": true
  },
  "railways:recipes/combat/dying_existing_cap_light_blue": {
    "criteria": {
      "hasitem": "2024-08-26 11:31:16 +0800"
    },
    "done": true
  },
  "createdeco:recipes/decorations/purple_shipping_container_from_dyeing_vaults": {
    "criteria": {
      "has_item": "2024-08-26 11:32:16 +0800"
    },
    "done": true
  },
  "copycats:recipes/misc/crafting/copycat_fluid_pipe": {
    "criteria": {
      "has_item": "2024-08-26 11:32:55 +0800"
    },
    "done": true
  },
  "railways:recipes/combat/dying_existing_cap_brown": {
    "criteria": {
      "hasitem": "2024-08-26 11:31:16 +0800"
    },
    "done": true
  },
  "minecraft:adventure/root": {
    "criteria": {
      "killed_by_something": "2024-08-26 11:49:41 +0800"
    },
    "done": true
  },
  "railways:recipes/combat/dying_existing_cap_yellow": {
    "criteria": {
      "hasitem": "2024-08-26 11:31:16 +0800"
    },
    "done": true
  },
  "create:recipes/misc/crafting/kinetics/nozzle": {
    "criteria": {
      "has_item": "2024-08-26 11:32:27 +0800"
    },
    "done": true
  },
  "create:burner": {
    "criteria": {
      "0": "2024-08-26 11:32:50 +0800"
    },
    "done": true
  },
  "extended_drawers:recipes/misc/upgrade_frame": {
    "criteria": {
      "has_drawer": "2024-08-26 11:39:45 +0800"
    },
    "done": true
  },
  "railways:recipes/misc/crafting/conductor_whistle": {
    "criteria": {
      "has_item": "2024-08-26 11:31:16 +0800"
    },
    "done": true
  },
  "railways:recipes/combat/dying_existing_cap_pink": {
    "criteria": {
      "hasitem": "2024-08-26 11:31:16 +0800"
    },
    "done": true
  },
  "railways:recipes/misc/crafting/fuel_tank": {
    "criteria": {
      "has_item": "2024-08-26 11:33:02 +0800"
    },
    "done": true
  },
  "createdeco:recipes/building_blocks/tiled_blue_brick_wall_from_blue_brick_wall_stonecutting": {
    "criteria": {
      "has_blue_brick_wall": "2024-08-26 11:38:55 +0800"
    },
    "done": true
  },
  "createdeco:recipes/decorations/white_shipping_container_from_dyeing_vaults": {
    "criteria": {
      "has_item": "2024-08-26 11:32:16 +0800"
    },
    "done": true
  },
  "createdeco:recipes/decorations/gray_shipping_container_from_dyeing_vaults": {
    "criteria": {
      "has_item": "2024-08-26 11:32:16 +0800"
    },
    "done": true
  },
  "createdeco:recipes/building_blocks/tiled_dean_brick_wall_from_dean_brick_wall_stonecutting": {
    "criteria": {
      "has_dean_brick_wall": "2024-08-26 11:38:43 +0800"
    },
    "done": true
  },
  "createdeco:recipes/decorations/cyan_shipping_container_from_dyeing_vaults": {
    "criteria": {
      "has_item": "2024-08-26 11:32:16 +0800"
    },
    "done": true
  },
  "extended_drawers:recipes/redstone/limiter": {
    "criteria": {
      "has_drawer": "2024-08-26 11:39:45 +0800"
    },
    "done": true
  },
  "railways:recipes/combat/dying_existing_cap_purple": {
    "criteria": {
      "hasitem": "2024-08-26 11:31:16 +0800"
    },
    "done": true
  },
  "createdeco:recipes/decorations/light_gray_shipping_container_from_dyeing_vaults": {
    "criteria": {
      "has_item": "2024-08-26 11:32:16 +0800"
    },
    "done": true
  },
  "minecraft:recipes/misc/black_dye_from_wither_rose": {
    "criteria": {
      "has_wither_rose": "2024-08-26 11:31:38 +0800"
    },
    "done": true
  },
  "createdeco:recipes/decorations/black_shipping_container_from_dyeing_vaults": {
    "criteria": {
      "has_item": "2024-08-26 11:32:16 +0800"
    },
    "done": true
  },
  "railways:recipes/combat/dying_existing_cap_gray": {
    "criteria": {
      "hasitem": "2024-08-26 11:31:16 +0800"
    },
    "done": true
  },
  "createdeco:recipes/building_blocks/short_dean_brick_wall_from_dean_brick_wall_stonecutting": {
    "criteria": {
      "has_dean_brick_wall": "2024-08-26 11:38:43 +0800"
    },
    "done": true
  },
  "createdeco:recipes/decorations/green_shipping_container_from_dyeing_vaults": {
    "criteria": {
      "has_item": "2024-08-26 11:32:16 +0800"
    },
    "done": true
  },
  "createdeco:recipes/building_blocks/long_dean_brick_wall_from_dean_brick_wall_stonecutting": {
    "criteria": {
      "has_dean_brick_wall": "2024-08-26 11:38:43 +0800"
    },
    "done": true
  },
  "createdeco:recipes/decorations/brown_shipping_container_from_dyeing_vaults": {
    "criteria": {
      "has_item": "2024-08-26 11:32:16 +0800"
    },
    "done": true
  },
  "createdeco:recipes/building_blocks/long_blue_brick_wall_from_blue_brick_wall_stonecutting": {
    "criteria": {
      "has_blue_brick_wall": "2024-08-26 11:38:55 +0800"
    },
    "done": true
  },
  "railways:recipes/combat/dying_existing_cap_green": {
    "criteria": {
      "hasitem": "2024-08-26 11:31:16 +0800"
    },
    "done": true
  },
  "farmersdelight:main/root": {
    "criteria": {
      "seeds": "2024-08-26 11:31:16 +0800"
    },
    "done": true
  },
  "railways:recipes/combat/dying_existing_cap_white": {
    "criteria": {
      "hasitem": "2024-08-26 11:31:16 +0800"
    },
    "done": true
  },
  "createdeco:recipes/building_blocks/corner_blue_brick_wall_from_blue_brick_wall_stonecutting": {
    "criteria": {
      "has_blue_brick_wall": "2024-08-26 11:38:55 +0800"
    },
    "done": true
  },
  "createdeco:recipes/building_blocks/corner_dean_brick_wall_from_dean_brick_wall_stonecutting": {
    "criteria": {
      "has_dean_brick_wall": "2024-08-26 11:38:43 +0800"
    },
    "done": true
  },
  "railways:recipes/combat/dying_existing_cap_blue": {
    "criteria": {
      "hasitem": "2024-08-26 11:31:16 +0800"
    },
    "done": true
  },
  "railways:recipes/combat/dying_existing_cap_orange": {
    "criteria": {
      "hasitem": "2024-08-26 11:31:16 +0800"
    },
    "done": true
  },
  "railways:recipes/combat/dying_existing_cap_lime": {
    "criteria": {
      "hasitem": "2024-08-26 11:31:16 +0800"
    },
    "done": true
  },
  "railways:recipes/combat/dying_existing_cap_black": {
    "criteria": {
      "hasitem": "2024-08-26 11:31:16 +0800"
    },
    "done": true
  },
  "createdeco:recipes/decorations/lime_shipping_container_from_dyeing_vaults": {
    "criteria": {
      "has_item": "2024-08-26 11:32:16 +0800"
    },
    "done": true
  },
  "createdeco:recipes/building_blocks/short_blue_brick_wall_from_blue_brick_wall_stonecutting": {
    "criteria": {
      "has_blue_brick_wall": "2024-08-26 11:38:55 +0800"
    },
    "done": true
  },
  "DataVersion": 3465
}