{"stats":{"minecraft:picked_up":{"minecraft:wooden_axe":7,"minecraft:wheat":8,"create:metal_bracket":3,"minecraft:stone_slab":2,"create:wrench":15,"minecraft:potion":79,"minecraft:enchanted_book":6,"create:wooden_bracket":1,"minecraft:golden_sword":1,"vinery:chorus_wine":1,"minecraft:armor_stand":1,"extended_drawers:compacting_drawer":3,"vinery:bottle_mojang_noir":2,"create:cart_assembler":1,"minecraft:gold_nugget":35,"minecraft:bucket":8,"minecraft:comparator":1,"minecraft:wooden_shovel":41,"minecraft:enchanted_golden_apple":181,"createdeco:andesite_bars":4,"vinery:noir_wine":1,"minecraft:stick":6,"create:andesite_casing":5,"vinery:solaris_wine":1,"minecraft:dried_kelp":83,"create:large_cogwheel":119,"create:schematic_and_quill":1,"minecraft:rotten_flesh":27,"create:track":1153,"minecraft:iron_block":128,"farmersdelight:rope":64,"vinery:clark_wine":2,"minecraft:netherite_chestplate":1,"minecraft:blaze_rod":861,"minecraft:cobblestone":597,"minecraft:birch_log":3,"minecraft:repeater":6,"vinery:oak_wine_rack_big":1,"minecraft:andesite":1,"farmersdelight:safety_net":64,"create:belt_connector":203,"minecraft:netherite_leggings":1,"farmersdelight:chicken_sandwich":4,"minecraft:dirt":106,"create:encased_chain_drive":5,"minecraft:bone":6,"minecraft:wheat_seeds":12,"create:goggles":21,"create:shaft":25,"minecraft:netherite_axe":1,"minecraft:rabbit":1,"minecraft:powered_rail":3,"create:super_glue":2,"minecraft:oak_planks":1522,"extended_drawers:single_drawer":3,"vinery:cherry_wine":3,"minecraft:cooked_porkchop":52,"create:cogwheel":683,"create_enchantment_industry:enchanting_guide":6,"minecraft:grass_block":129,"minecraft:barrel":1,"minecraft:shulker_box":15,"createdeco:andesite_catwalk":4,"minecraft:diamond":16,"create:filter":9,"minecraft:netherite_helmet":1,"minecraft:lever":3,"minecraft:bone_meal":9217,"minecraft:bread":8,"minecraft:emerald":8,"minecraft:nether_star":1,"create:precision_mechanism":631,"minecraft:oak_sapling":13,"vinery:villagers_fright":1,"create:copper_valve_handle":3,"minecraft:mud":1,"minecraft:bee_nest":16,"minecraft:cooked_rabbit":2,"vinery:vinemaker_boots":1,"create:schematic_table":1,"create:mechanical_harvester":45,"minecraft:white_carpet":81,"create:redstone_link":28,"create:chute":1,"vinery:mead":1,"farmersdelight:beef_patty":3,"minecraft:netherite_sword":13,"create:brass_funnel":3,"minecraft:iron_nugget":1037,"minecraft:poppy":8,"minecraft:sugar_cane":42859,"minecraft:birch_sapling":2,"create:linear_chassis":14,"minecraft:egg":1,"minecraft:oak_door":2,"minecraft:bowl":4,"createdeco:iron_coinstack":1,"vinery:vinemaker_leggings":1,"create:hand_crank":1,"vinery:bolvar_wine":1,"minecraft:arrow":12,"vinery:kelp_cider":1,"minecraft:saddle":14,"minecraft:totem_of_undying":4,"minecraft:white_wool":2,"minecraft:netherite_boots":1,"minecraft:clock":7,"minecraft:golden_carrot":62,"vinery:straw_hat":2,"create:andesite_alloy":657,"minecraft:gunpowder":40,"create:minecart_contraption":1,"farmersdelight:skillet":3,"create:item_vault":2,"createoreexcavation:raw_diamond":19,"vinery:wine_bottle":1,"minecraft:apple":2,"minecraft:kelp":2341,"minecraft:iron_ingot":33975,"vinery:vinemaker_apron":1,"minecraft:glass_bottle":164,"create:mechanical_saw":2,"farmersdelight:netherite_knife":1,"minecraft:sweet_berries":1,"create:attribute_filter":1,"minecraft:lava_bucket":8,"vinery:stal_wine":1,"minecraft:spruce_log":1,"create:brass_tunnel":4,"create:turntable":1,"minecraft:sea_lantern":49,"create:extendo_grip":1,"create:creative_motor":12,"minecraft:firework_rocket":1451,"create:encased_fan":3,"createoreexcavation:netherite_drill":1,"createdeco:netherite_coinstack":2,"create:portable_storage_interface":2,"create:andesite_ladder":2,"minecraft:hopper":1,"create:nozzle":4,"minecraft:shulker_shell":5},"minecraft:dropped":{"create:belt_connector":192,"create:super_glue":2,"minecraft:oak_log":1,"minecraft:glass_bottle":36,"minecraft:nether_star":1,"create:cogwheel":3,"create:filter":1,"create:track":1090,"minecraft:flint":3,"create:fluid_pipe":1,"create:minecart_contraption":1,"minecraft:warped_fence_gate":1,"minecraft:netherite_boots":1,"minecraft:gold_nugget":35,"create:goggles":18,"create:large_cogwheel":32,"minecraft:gravel":2240,"minecraft:sugar_cane":128,"minecraft:lever":1,"create:brass_tunnel":1,"vinery:oak_wine_rack_big":1,"minecraft:iron_nugget":732,"minecraft:netherite_sword":3,"minecraft:birch_sapling":64,"minecraft:oak_planks":1619,"vinery:straw_hat":2,"create:turntable":1,"vinery:vinemaker_boots":1,"create:creative_motor":6,"create:wrench":14,"create:mechanical_crafter":1,"create:andesite_alloy":46,"minecraft:enchanted_book":6,"minecraft:iron_ingot":4800,"minecraft:clock":7,"farmersdelight:skillet":2,"create:mechanical_saw":1,"minecraft:netherite_helmet":1,"minecraft:netherite_axe":1,"minecraft:netherite_chestplate":1,"minecraft:cobblestone":562,"create:chute":1,"create:precision_mechanism":696,"minecraft:grass_block":129,"minecraft:lava_bucket":9,"create:handheld_worldshaper":1,"create:extendo_grip":1,"minecraft:repeater":6,"minecraft:wooden_axe":5,"minecraft:potion":28,"minecraft:dried_kelp":119,"minecraft:bucket":10,"create:brass_funnel":2,"vinery:vinemaker_leggings":1,"minecraft:kelp":2555,"create:shaft":18,"minecraft:blaze_rod":226,"minecraft:white_carpet":31,"minecraft:netherite_leggings":1,"create:cart_assembler":1,"create:item_vault":1,"farmersdelight:horse_feed":5,"minecraft:wooden_shovel":5,"minecraft:spruce_log":1,"vinery:vinemaker_apron":1},"minecraft:custom":{"minecraft:animals_bred":17,"minecraft:open_barrel":11,"minecraft:open_shulker_box":20,"minecraft:bell_ring":40,"minecraft:leave_game":64,"minecraft:time_since_death":293209,"minecraft:damage_resisted":609,"minecraft:sprint_one_cm":735523,"minecraft:drop":417,"minecraft:talked_to_villager":19,"minecraft:play_time":1830165,"minecraft:deaths":17,"minecraft:jump":4526,"minecraft:walk_on_water_one_cm":144782,"minecraft:damage_dealt":36162,"minecraft:crouch_one_cm":26704,"minecraft:use_cauldron":6,"minecraft:inspect_dispenser":8,"minecraft:inspect_dropper":15,"minecraft:mob_kills":291,"minecraft:interact_with_anvil":5,"minecraft:inspect_hopper":88,"minecraft:fill_cauldron":20,"minecraft:climb_one_cm":1792,"minecraft:walk_one_cm":1020273,"minecraft:sneak_time":112742,"minecraft:walk_under_water_one_cm":72920,"minecraft:total_world_time":1830165,"minecraft:interact_with_stonecutter":1,"minecraft:time_since_rest":293233,"minecraft:damage_absorbed":1246,"minecraft:damage_taken":6687,"minecraft:swim_one_cm":25464,"minecraft:fly_one_cm":10123696,"minecraft:open_chest":115,"minecraft:pig_one_cm":14657,"minecraft:aviate_one_cm":972,"minecraft:fall_one_cm":43799},"minecraft:killed":{"minecraft:shulker":7,"minecraft:skeleton":1,"minecraft:bee":37,"minecraft:illusioner":4,"minecraft:pig":16,"minecraft:iron_golem":11,"minecraft:creeper":19,"minecraft:zombie":1,"minecraft:blaze":155,"minecraft:evoker":6,"minecraft:snow_golem":1,"minecraft:ravager":1,"minecraft:villager":29},"minecraft:broken":{"vinery:straw_hat":1},"minecraft:used":{"vinery:chorus_wine":58,"create:copper_door":1,"minecraft:nether_brick_fence":1,"minecraft:light_blue_stained_glass_pane":2,"create:deployer":29,"create:brass_casing":4,"minecraft:polished_deepslate":1,"minecraft:tadpole_spawn_egg":2,"minecraft:smooth_quartz_slab":9,"minecraft:carrot_on_a_stick":19,"minecraft:poppy":18,"minecraft:elytra":1,"create:oak_window_pane":1,"create:portable_storage_interface":15,"minecraft:chest":18,"minecraft:stone":24,"minecraft:zombie_spawn_egg":1,"create:haunted_bell":15,"minecraft:white_shulker_box":1,"createdeco:zinc_coinstack":2,"create:oak_window":4,"minecraft:player_head":4,"create:railway_casing":2,"minecraft:farmland":10,"createdeco:brass_coinstack":2,"vinery:mead":3,"create:analog_lever":1,"create:mechanical_bearing":3,"farmersdelight:sweet_berry_cheesecake":4,"create:fluid_tank":105,"vinery:clark_wine":4,"minecraft:soul_sand":34,"create:minecart_contraption":15,"create:white_sail":153,"create:cogwheel":171,"vinery:creepers_crush":6,"create:mangrove_window":3,"minecraft:deepslate_tile_slab":1,"create:depot":26,"create:controller_rail":1,"create:metal_girder":1,"create:speedometer":2,"create:cut_granite_brick_wall":2,"minecraft:obsidian":24,"railways:orange_conductor_cap":1,"minecraft:stripped_spruce_log":2,"minecraft:milk_bucket":1,"farmersdelight:roast_chicken":2,"minecraft:warden_spawn_egg":1,"create_enchantment_industry:printer":3,"minecraft:glass":280,"railways:smokestack_streamlined":2,"createrailwaysnavigator:advanced_display_small":9,"create:controls":2,"railways:smokestack_caboosestyle":6,"copycats:copycat_vertical_stairs":1,"create:netherite_diving_boots":1,"minecraft:lava_bucket":25,"create:polished_cut_scoria":2,"create:polished_cut_scoria_slab":1,"railways:light_blue_conductor_cap":1,"create:cut_calcite_brick_stairs":1,"minecraft:villager_spawn_egg":50,"betterend:aeternium_sword":44,"minecraft:grass_block":207,"vinery:mccherry_wine_rack_big":3,"farmersdelight:rice_roll_medley_block":2,"minecraft:netherite_hoe":12,"vinery:wine_box":2,"railways:light_gray_conductor_cap":1,"vinery:stackable_log":23,"minecraft:hopper_minecart":1,"extended_drawers:compacting_drawer":4,"minecraft:diorite_wall":1,"create:andesite_funnel":3,"minecraft:item_frame":9,"minecraft:bedrock":45,"minecraft:redstone_lamp":2,"create:andesite_pillar":4,"minecraft:dolphin_spawn_egg":1,"railways:track_phantom":8,"create:rotation_speed_controller":9,"create:stockpile_switch":1,"createdeco:copper_coinstack":2,"create:shaft":104,"minecraft:written_book":2,"create:ornate_iron_window_pane":2,"create:steam_engine":33,"create:mechanical_drill":25,"farmersdelight:safety_net":12,"copycats:copycat_large_cogwheel":3,"minecraft:acacia_fence":1,"farmersdelight:shepherds_pie_block":2,"minecraft:egg":1,"create:sequenced_gearshift":4,"minecraft:fire_coral_fan":1,"railways:track_tieless_wide":5,"minecraft:damaged_anvil":2,"minecraft:cow_spawn_egg":49,"create:acacia_window":4,"minecraft:brick_wall":1,"createrailwaysnavigator:train_station_clock":2,"minecraft:powered_rail":25,"minecraft:acacia_trapdoor":1,"minecraft:jungle_fence":1,"minecraft:oak_planks":62,"minecraft:ender_pearl":2,"minecraft:mossy_stone_brick_stairs":1,"minecraft:redstone_block":29,"minecraft:composter":5,"vinery:solaris_wine":2,"minecraft:sugar_cane":11,"create:copper_valve_handle":1,"create:mechanical_saw":78,"minecraft:smooth_quartz_stairs":1,"minecraft:oak_leaves":12,"create:spout":4,"minecraft:white_wool":14,"create:nozzle":8,"create:flywheel":1,"railways:white_conductor_cap":2,"minecraft:sponge":1,"minecraft:blue_ice":29,"minecraft:netherite_helmet":1,"farmersdelight:stuffed_pumpkin":1,"minecraft:blackstone_wall":5,"create:placard":11,"minecraft:lingering_potion":154,"minecraft:shulker_spawn_egg":1,"vinery:big_table":1,"create:layered_crimsite":4,"minecraft:redstone_torch":12,"minecraft:enderman_spawn_egg":3,"minecraft:lever":21,"vinery:storage_pot":1,"minecraft:firework_rocket":13,"createdeco:gold_coinstack":2,"create:copper_backtank":1,"minecraft:heavy_weighted_pressure_plate":1,"minecraft:stone_button":2,"vinery:flower_box":1,"minecraft:verdant_froglight":2,"create:sweet_roll":2,"createrailwaysnavigator:advanced_display_panel":4,"create:andesite_alloy_block":1,"create:peculiar_bell":13,"extended_drawers:limiter":5,"create:small_dripstone_brick_slab":1,"copycats:copycat_stairs":2,"create:andesite_casing":96,"farmersdelight:chocolate_pie":2,"create:white_seat":2,"create:honeyed_apple":2,"minecraft:evoker_spawn_egg":2,"createrailwaysnavigator:advanced_display_block":17,"vinery:cherry_wine":2,"minecraft:smooth_red_sandstone_slab":1,"create:basin":4,"create:chocolate_glazed_berries":4,"create:framed_glass_door":1,"minecraft:waxed_cut_copper_stairs":1,"minecraft:white_stained_glass":21,"create:stressometer":12,"minecraft:chain":20,"create:cut_asurine_wall":1,"create:chocolate_bucket":1,"minecraft:smooth_stone_slab":8,"create:vertical_gearbox":14,"minecraft:bone_meal":45,"create:andesite_bars":2,"minecraft:white_concrete":87,"minecraft:air":2,"railways:track_ender":1,"minecraft:experience_bottle":2,"create:large_cogwheel":37,"minecraft:oak_fence":1,"create:clipboard":1,"railways:copycat_headstock_buffer":2,"create:framed_glass":13,"minecraft:netherite_sword":374,"create_enchantment_industry:disenchanter":4,"minecraft:iron_bars":9,"create:weighted_ejector":13,"create:brass_door":1,"create:small_asurine_brick_wall":1,"minecraft:flint_and_steel":22,"create:schematic_table":6,"minecraft:red_concrete":132,"create:wooden_bracket":5,"minecraft:armor_stand":10,"create:item_vault":144,"minecraft:silverfish_spawn_egg":1,"minecraft:spruce_planks":7,"copycats:copycat_catwalk":15,"createdeco:netherite_coinstack":15,"copycats:copycat_wall":2,"minecraft:anvil":4,"minecraft:oak_door":2,"minecraft:bee_spawn_egg":6,"minecraft:cut_copper_stairs":1,"vinery:oak_wine_rack_big":3,"createdeco:iron_coinstack":10,"minecraft:dirt":229,"create:brass_scaffolding":7,"create:turntable":3,"railways:smokestack_coalburner":2,"create:mechanical_pump":28,"create:andesite_door":3,"minecraft:target":1,"create:mechanical_mixer":5,"minecraft:white_carpet":1,"minecraft:hopper":27,"vinery:wine_press":1,"create:copycat_panel":253,"vinery:basket":1,"create:netherite_backtank":1,"create:mechanical_plough":18,"minecraft:bee_nest":16,"extended_drawers:connector":32,"railways:track_tieless":2,"minecraft:allay_spawn_egg":1,"minecraft:light_blue_stained_glass":4,"farmersdelight:rope":16,"railways:smokestack_long":2,"create:spruce_window":4,"farmersdelight:stuffed_pumpkin_block":1,"farmersdelight:beef_patty":1,"create:chute":50,"create:cut_crimsite_stairs":1,"minecraft:brown_terracotta":2,"minecraft:ravager_spawn_egg":4,"minecraft:sea_lantern":98,"create:warped_window":1,"copycats:copycat_fence_gate":1,"create:dark_oak_window_pane":1,"create:wrench":222,"create:gearbox":28,"minecraft:oak_stairs":12,"railways:track_mangrove_wide":1,"create:metal_bracket":13,"minecraft:warped_fence":1,"minecraft:spawner":18,"create:hose_pulley":25,"create:copycat_step":4,"minecraft:chicken_spawn_egg":1,"create:cart_assembler":10,"vinery:grapevine_stem":5,"minecraft:cherry_fence_gate":1,"create:creative_motor":130,"minecraft:barrel":1,"farmersdelight:canvas_rug":2,"minecraft:blaze_spawn_egg":9,"minecraft:light_gray_wool":2,"create:encased_chain_drive":274,"create:polished_cut_asurine_wall":2,"minecraft:golden_carrot":3,"minecraft:black_stained_glass":1,"minecraft:minecart":6,"create:fluid_pipe":23,"minecraft:granite_wall":1,"minecraft:stone_pressure_plate":6,"minecraft:zombified_piglin_spawn_egg":297,"create:gantry_shaft":1,"minecraft:turtle_egg":11,"minecraft:enchanted_golden_apple":9,"create:belt_connector":73,"create:cut_tuff_stairs":1,"minecraft:cobbled_deepslate_wall":3,"farmersdelight:roast_chicken_block":4,"minecraft:calcite":2,"create:wand_of_symmetry":7,"create:handheld_worldshaper":9,"create_enchantment_industry:enchanting_guide":6,"minecraft:water_bucket":58,"createrailwaysnavigator:advanced_display_sloped":1,"vinery:window":9,"farmersdelight:skillet":4,"farmersdelight:honey_glazed_ham_block":1,"create:polished_cut_crimsite_wall":2,"minecraft:glass_bottle":3,"railways:pink_conductor_cap":2,"minecraft:iron_golem_spawn_egg":27,"create:brass_tunnel":42,"railways:smokestack_woodburner":3,"create:crimson_window":2,"minecraft:cauldron":8,"create:nixie_tube":2,"minecraft:sheep_spawn_egg":3,"create:framed_glass_trapdoor":104,"create:blaze_burner":39,"minecraft:snow_golem_spawn_egg":1,"railways:track_tieless_narrow":3,"minecraft:polished_deepslate_slab":16,"railways:magenta_conductor_cap":1,"minecraft:rabbit_spawn_egg":1,"minecraft:rail":10,"create:encased_fan":84,"create:brass_funnel":831,"minecraft:crimson_trapdoor":1,"create:mechanical_harvester":29,"create:cut_ochrum_brick_slab":1,"createrailwaysnavigator:advanced_display_half_panel":2,"minecraft:magenta_carpet":2,"minecraft:endermite_spawn_egg":8,"farmersdelight:apple_pie":33,"minecraft:spruce_log":5,"create:filter":10,"minecraft:bamboo_fence_gate":1,"create:sail_frame":4,"copycats:copycat_vertical_slope":5,"create:linear_chassis":68,"create:track":4,"minecraft:netherite_block":6,"minecraft:light":5,"minecraft:oak_log":4,"minecraft:mud":2,"minecraft:piston":9,"farmersdelight:hot_cocoa":1,"railways:track_warped_narrow":3,"minecraft:ender_eye":1,"create:birch_window":4,"railways:yellow_conductor_cap":2,"create:windmill_bearing":13,"railways:track_monorail":3,"railways:smokestack_oilburner":2,"minecraft:pig_spawn_egg":10,"minecraft:netherite_axe":1,"minecraft:tnt_minecart":1825,"create:water_wheel":2,"create_enchantment_industry:ink_bucket":1,"minecraft:purpur_slab":2,"createrailwaysnavigator:advanced_display":9,"minecraft:fire_coral_block":1,"vinery:jo_special_mixture":2,"minecraft:cobblestone":12,"minecraft:potion":15,"create:hand_crank":1,"minecraft:glass_pane":2,"create:polished_cut_limestone_stairs":1,"create:creative_fluid_tank":21,"create:display_board":2,"create:clutch":3,"minecraft:kelp":4,"create:redstone_link":23,"copycats:copycat_vertical_slice":2,"minecraft:splash_potion":1098,"minecraft:smooth_stone":49,"create:copper_scaffolding":3},"minecraft:killed_by":{"minecraft:ravager":5,"minecraft:player":1,"minecraft:iron_golem":2,"minecraft:warden":1},"minecraft:mined":{"farmersdelight:skillet":1}},"DataVersion":3465}