{"stats":{"minecraft:custom":{"minecraft:time_since_rest":1,"minecraft:damage_dealt":18144,"minecraft:damage_taken":1032,"minecraft:leave_game":8,"minecraft:play_time":118574,"minecraft:walk_one_cm":1691,"minecraft:time_since_death":1,"minecraft:deaths":3,"minecraft:total_world_time":118574,"minecraft:mob_kills":7139,"minecraft:fly_one_cm":272,"minecraft:player_kills":1},"minecraft:picked_up":{"minecraft:blaze_rod":131},"minecraft:used":{"minecraft:netherite_sword":6817,"minecraft:golden_carrot":7,"betterend:aeternium_sword":652,"minecraft:enchanted_golden_apple":2},"minecraft:killed":{"minecraft:player":1,"minecraft:blaze":7117}},"DataVersion":3465}