{"stats":{"minecraft:custom":{"minecraft:open_barrel":2,"minecraft:time_since_rest":112254,"minecraft:open_chest":6,"minecraft:crouch_one_cm":23,"minecraft:damage_taken":280,"minecraft:sprint_one_cm":49336,"minecraft:play_time":273874,"minecraft:damage_absorbed":56,"minecraft:deaths":1,"minecraft:walk_one_cm":707647,"minecraft:sneak_time":1347,"minecraft:walk_under_water_one_cm":3770,"minecraft:mob_kills":3,"minecraft:aviate_one_cm":1993894,"minecraft:jump":175,"minecraft:damage_dealt":30,"minecraft:leave_game":7,"minecraft:walk_on_water_one_cm":3824,"minecraft:time_since_death":112224,"minecraft:climb_one_cm":145,"minecraft:total_world_time":273874,"minecraft:damage_resisted":14,"minecraft:fall_one_cm":990,"minecraft:fly_one_cm":1710097},"minecraft:picked_up":{"minecraft:arrow":1,"minecraft:diamond":7,"create:schematic":1,"minecraft:redstone":55,"minecraft:rail":210},"minecraft:used":{"minecraft:ender_eye":12,"minecraft:sticky_piston":1,"minecraft:bedrock":1,"minecraft:firework_rocket":200,"minecraft:red_concrete_powder":3,"betterend:infusion_pedestal":16,"betterend:diorite_pedestal":8,"minecraft:end_portal_frame":12,"minecraft:tnt_minecart":85,"betterend:terminite_hammer":2,"minecraft:ender_pearl":3,"minecraft:enchanted_golden_apple":2}},"DataVersion":3465}