{"stats":{"minecraft:dropped":{"minecraft:coarse_dirt":2,"minecraft:sand":704},"minecraft:custom":{"minecraft:time_since_rest":32325,"minecraft:inspect_dropper":2,"minecraft:sprint_one_cm":118037,"minecraft:damage_taken":280,"minecraft:walk_one_cm":173423,"minecraft:interact_with_anvil":2,"minecraft:drop":15,"minecraft:damage_dealt":77,"minecraft:talked_to_villager":1,"minecraft:fly_one_cm":2259000,"minecraft:open_barrel":5,"minecraft:open_chest":4,"minecraft:crouch_one_cm":491,"minecraft:play_time":199640,"minecraft:deaths":1,"minecraft:sneak_time":5283,"minecraft:walk_under_water_one_cm":1015,"minecraft:interact_with_lectern":1,"minecraft:aviate_one_cm":152111,"minecraft:jump":408,"minecraft:leave_game":6,"minecraft:time_since_death":32289,"minecraft:walk_on_water_one_cm":2183,"minecraft:total_world_time":199640},"minecraft:picked_up":{"minecraft:coarse_dirt":2,"minecraft:golden_carrot":19,"create:golden_sheet":43,"minecraft:brown_mushroom":13,"minecraft:warped_wart_block":1,"minecraft:sand":899,"minecraft:dirt":60,"minecraft:iron_ingot":21,"create:shaft":19,"minecraft:poppy":4},"minecraft:used":{"farmersdelight:brown_mushroom_colony":4,"minecraft:lever":1,"minecraft:netherite_sword":1,"minecraft:firework_rocket":80,"minecraft:dropper":1,"create:crushing_wheel":2,"create:crafting_blueprint":2,"create:wrench":4,"minecraft:grass_block":9,"create:piston_extension_pole":8,"minecraft:elytra":1,"minecraft:iron_golem_spawn_egg":6,"minecraft:netherite_hoe":1,"create:potato_cannon":5,"minecraft:brown_mushroom":1,"create:sticky_mechanical_piston":2,"farmersdelight:rich_soil":4,"minecraft:barrel":1,"create:creative_motor":4,"create:copper_valve_handle":2,"minecraft:bedrock":5,"minecraft:potion":5,"minecraft:anvil":2,"minecraft:comparator":1,"create:brass_funnel":5,"create:shaft":3,"create:mechanical_harvester":1,"create:mechanical_crafter":4,"create:creative_fluid_tank":5,"create:mechanical_plough":1,"create:creative_crate":1,"create:vertical_gearbox":2,"minecraft:coarse_dirt":5,"minecraft:bone_meal":4,"create:belt_connector":2,"create:secondary_linear_chassis":3}},"DataVersion":3465}