{"stats":{"minecraft:custom":{"minecraft:jump":48,"minecraft:time_since_rest":20804,"minecraft:leave_game":1,"minecraft:crouch_one_cm":965,"minecraft:sprint_one_cm":2784,"minecraft:play_time":20804,"minecraft:walk_on_water_one_cm":223,"minecraft:time_since_death":20804,"minecraft:walk_one_cm":1143107,"minecraft:sneak_time":782,"minecraft:total_world_time":20804,"minecraft:fly_one_cm":299951},"minecraft:used":{"create:mechanical_bearing":4,"minecraft:white_wool":124,"create:shaft":2,"create:windmill_bearing":2,"create:wrench":2,"create:large_cogwheel":1,"create:creative_motor":4}},"DataVersion":3465}