{"stats":{"minecraft:crafted":{"minecraft:piston":7143},"minecraft:picked_up":{"minecraft:shulker_shell":28,"create:cut_granite_slab":128,"minecraft:wither_rose":8,"create:wrench":1,"farmersdelight:cutting_board":1,"create:polished_cut_diorite_wall":128,"create:cart_assembler":2,"minecraft:red_sand":1619,"minecraft:smooth_stone":3,"minecraft:redstone_torch":7,"minecraft:wooden_shovel":3,"create:small_granite_brick_stairs":128,"create:train_door":5,"minecraft:cyan_stained_glass":20,"create:andesite_pillar":64,"create:small_diorite_brick_slab":64,"create:framed_glass":1,"create:polished_cut_granite_wall":128,"minecraft:goat_horn":10,"create:industrial_iron_block":960,"minecraft:iron_block":2,"minecraft:cyan_terracotta":7,"minecraft:mangrove_roots":1,"create:cut_andesite_brick_slab":64,"minecraft:cobblestone":33,"create:polished_cut_andesite_wall":64,"minecraft:copper_block":128,"create:belt_connector":5,"create:polished_cut_diorite_stairs":128,"create:cut_diorite_slab":128,"create:cut_granite_bricks":128,"minecraft:lantern":2,"create:encased_chain_drive":13,"create:cut_diorite_brick_slab":64,"create:shaft":2,"create:layered_granite":128,"create:cut_diorite_brick_wall":64,"farmersdelight:basket":1,"create:cut_granite_brick_wall":128,"minecraft:sand":260,"create:cut_andesite_bricks":64,"minecraft:grass_block":401,"minecraft:shulker_box":85,"createdeco:black_placard":1,"create:cut_diorite_brick_stairs":64,"create:small_andesite_bricks":64,"create:small_andesite_brick_stairs":64,"create:filter":82,"create:schedule":1,"minecraft:lever":10,"create:cut_diorite_bricks":64,"create:polished_cut_diorite":128,"create:polished_cut_granite_stairs":128,"create:copper_valve_handle":7,"minecraft:netherrack":2,"minecraft:nether_star":37,"create:crafter_slot_cover":1,"create:polished_cut_calcite":1,"create:small_andesite_brick_wall":64,"create:small_diorite_brick_wall":64,"minecraft:white_carpet":371,"create:basin":1,"create:clutch":18,"create:cut_diorite":128,"create:linear_chassis":1,"create:cut_diorite_wall":64,"create:cut_diorite_stairs":128,"create:cut_granite":128,"create:polished_cut_granite":128,"create:small_granite_bricks":128,"farmersdelight:minced_beef":128,"copycats:copycat_block":3,"create:windmill_bearing":2,"minecraft:stone_button":7,"minecraft:redstone":4,"create:small_granite_brick_wall":128,"create:cut_granite_stairs":128,"create:cut_granite_brick_slab":128,"create:cut_andesite_brick_stairs":64,"minecraft:white_shulker_box":6,"minecraft:rail":1,"create:empty_schematic":1,"create:polished_cut_diorite_slab":128,"minecraft:waxed_copper_block":192,"create:item_vault":1,"create:layered_diorite":128,"minecraft:stone_bricks":1,"create:diorite_pillar":64,"railways:red_flat_slashed_locometal":8,"create:cut_granite_brick_stairs":129,"create:cut_andesite_brick_wall":64,"create:cut_granite_wall":128,"create:attribute_filter":7,"create:small_andesite_brick_slab":64,"create:small_granite_brick_slab":128,"create:small_diorite_brick_stairs":64,"create:powered_latch":1,"create:schematic":1,"create:granite_pillar":128,"minecraft:dragon_egg":12,"create:small_diorite_bricks":64,"create:brass_ingot":4,"minecraft:birch_sign":1,"create:layered_andesite":64,"create:polished_cut_granite_slab":128},"minecraft:dropped":{"create:belt_connector":3,"create:vertical_gearbox":1,"create:layered_diorite":64,"create:cut_diorite_bricks":64,"create:cogwheel":1,"create:filter":8,"create:polished_cut_diorite_slab":64,"create:small_granite_brick_slab":64,"create:crafting_blueprint":1,"create:linear_chassis":2,"create:layered_granite":64,"create:layered_andesite":512,"create:schedule":2,"create:stockpile_switch":1,"create:cut_granite_brick_slab":64,"create:cut_diorite_brick_slab":64,"minecraft:sand":131,"create:cut_granite_bricks":64,"create:small_diorite_brick_slab":64,"minecraft:white_wool":1,"create:small_andesite_bricks":64,"create:track_signal":1,"minecraft:honeycomb_block":8,"create:cut_diorite_stairs":64,"minecraft:goat_horn":8,"create:cut_granite_brick_stairs":64,"create:small_granite_bricks":64,"minecraft:oak_planks":18,"create:polished_cut_diorite":64,"create:cut_andesite_bricks":64,"create:polished_cut_granite_wall":64,"create:small_andesite_brick_wall":64,"create:schematic":1,"create:granite_pillar":64,"create:polished_cut_granite_slab":64,"create:polished_cut_diorite_stairs":64,"create:cut_andesite_brick_slab":64,"minecraft:chest":1,"create:mechanical_crafter":1,"create:depot":1,"create:industrial_iron_block":12736,"create:small_granite_brick_stairs":64,"create:andesite_pillar":64,"minecraft:glass":2,"minecraft:firework_rocket":128,"create:basin":1,"minecraft:iron_ingot":32,"create:cut_granite":64,"create:cut_granite_brick_wall":64,"create:cut_andesite_brick_wall":64,"create:attribute_filter":1,"create:small_andesite_brick_slab":64,"create:cut_diorite_brick_wall":64,"minecraft:copper_block":320,"minecraft:cobblestone":32,"minecraft:observer":1,"create:chute":2,"create:polished_cut_diorite_wall":64,"create:cut_diorite_slab":64,"create:cut_granite_slab":64,"minecraft:grass_block":128,"create:andesite_casing":1,"minecraft:lava_bucket":1,"minecraft:iron_block":2,"create:white_toolbox":2,"create:diorite_pillar":64,"create:small_andesite_brick_stairs":64,"minecraft:iron_trapdoor":4,"create:polished_cut_andesite_wall":64,"create:cut_diorite":64,"minecraft:potion":5,"create:small_granite_brick_wall":64,"create:polished_cut_granite_stairs":64,"create:polished_cut_granite":64,"minecraft:smooth_stone":3392,"create:cut_andesite_brick_stairs":64,"minecraft:redstone_block":3456,"minecraft:redstone":32,"create:small_diorite_brick_stairs":64,"create:brass_funnel":3,"create:cut_granite_wall":64,"create:shaft":2,"create:small_diorite_bricks":64,"create:cut_granite_stairs":64,"create:encased_chain_drive":1,"minecraft:white_carpet":86,"create:andesite_tunnel":3,"create:polished_cut_tuff_slab":1728,"create:cut_diorite_brick_stairs":64,"minecraft:white_shulker_box":2,"minecraft:shulker_box":80,"create:item_vault":2,"minecraft:dragon_egg":12,"copycats:copycat_block":1,"minecraft:redstone_torch":1,"create:small_diorite_brick_wall":64,"minecraft:red_sand":1088,"create:framed_glass":1,"farmersdelight:basket":1,"create:andesite_funnel":2},"minecraft:custom":{"minecraft:interact_with_crafting_table":2,"minecraft:open_barrel":123,"minecraft:open_shulker_box":71,"minecraft:bell_ring":608,"minecraft:leave_game":29,"minecraft:time_since_death":333785,"minecraft:sprint_one_cm":912054,"minecraft:drop":552,"minecraft:talked_to_villager":4,"minecraft:play_time":1248234,"minecraft:deaths":2,"minecraft:jump":8269,"minecraft:walk_on_water_one_cm":81946,"minecraft:interact_with_cartography_table":1,"minecraft:sleep_in_bed":2,"minecraft:open_enderchest":4,"minecraft:damage_dealt":73075,"minecraft:crouch_one_cm":6895,"minecraft:inspect_dispenser":39,"minecraft:inspect_dropper":224,"minecraft:mob_kills":70,"minecraft:inspect_hopper":21,"minecraft:climb_one_cm":1027,"minecraft:walk_one_cm":1274037,"minecraft:sneak_time":48950,"minecraft:walk_under_water_one_cm":26214,"minecraft:interact_with_lectern":2,"minecraft:total_world_time":1248234,"minecraft:tune_noteblock":118,"minecraft:time_since_rest":333807,"minecraft:damage_taken":10,"minecraft:fly_one_cm":14459057,"minecraft:open_chest":239},"minecraft:killed":{"minecraft:wither":64,"minecraft:ghast":5,"minecraft:warden":1},"minecraft:used":{"create:calcite_pillar":6,"create:deployer":13,"minecraft:red_sand":1,"create:brass_casing":1,"create:piston_extension_pole":5,"minecraft:smooth_quartz_slab":43,"minecraft:dispenser":1,"minecraft:spruce_slab":5,"minecraft:oak_sign":1,"create:layered_deepslate":1,"create:pulse_extender":5,"minecraft:chest":38,"minecraft:white_shulker_box":6,"create:sticker":1,"create:railway_casing":3,"create:mechanical_bearing":19,"copycats:copycat_fluid_pipe":3,"create:fluid_tank":104,"minecraft:soul_sand":2,"create:clockwork_bearing":7,"create:minecart_contraption":10,"create:white_sail":8,"create:cogwheel":29,"minecraft:nether_bricks":4,"create:mechanical_crafter":28,"create:creative_crate":53,"copycats:copycat_byte":12,"copycats:copycat_half_layer":15,"create:depot":9,"create:framed_glass_pane":9,"create:metal_girder":18,"create:speedometer":3,"create:controller_rail":1,"copycats:copycat_layer":16,"minecraft:obsidian":46,"minecraft:glass":16,"createdeco:andesite_window":6,"copycats:copycat_vertical_stairs":15,"minecraft:lava_bucket":8,"createdeco:decal_electrical":2,"create:cut_calcite_brick_stairs":1,"create:crafting_blueprint":2,"minecraft:lantern":2,"minecraft:grass_block":131,"railways:red_flat_slashed_locometal":1,"create:rose_quartz_lamp":12,"minecraft:warped_nylium":6,"extended_drawers:compacting_drawer":2,"create:rope_pulley":1,"create:andesite_funnel":74,"railways:red_slashed_locometal":1,"minecraft:bedrock":52,"create:experience_block":37,"minecraft:repeater":14,"minecraft:snow":6,"create:rotation_speed_controller":2,"create:linked_controller":6,"minecraft:redstone_lamp":2,"farmersdelight:cutting_board":4,"create:stockpile_switch":16,"create:mechanical_piston":4,"create:shaft":211,"create:mechanical_drill":9,"create:cut_calcite_brick_slab":1,"create:industrial_iron_block":23,"copycats:copycat_large_cogwheel":1,"minecraft:gold_block":1,"create:sequenced_gearshift":27,"create:copper_diving_boots":1,"createdeco:zinc_bars":2,"create:schedule":2,"minecraft:wither_skeleton_skull":2,"minecraft:oak_planks":103,"minecraft:redstone_block":18,"create:mysterious_cuckoo_clock":1,"create:copper_valve_handle":15,"farmersdelight:organic_compost":1,"create:mechanical_saw":7,"minecraft:smooth_quartz_stairs":24,"minecraft:oak_leaves":1,"minecraft:white_wool":5,"minecraft:respawn_anchor":1,"createdeco:industrial_iron_bars":4,"create:nozzle":2,"createdeco:industrial_iron_sheet_metal":1,"minecraft:sand":42,"create:track_station":4,"create:flywheel":9,"railways:red_flat_riveted_locometal":1,"create:cut_granite_wall":1,"minecraft:blue_ice":1,"create:placard":9,"minecraft:note_block":10,"minecraft:gray_concrete":7,"railways:red_conductor_cap":1,"minecraft:end_stone":1,"createdeco:industrial_iron_ladder":5,"minecraft:deepslate_tiles":1,"minecraft:redstone_torch":39,"minecraft:sticky_piston":4,"create:cut_calcite_stairs":2,"minecraft:lever":42,"create:display_link":2,"minecraft:string":13,"minecraft:verdant_froglight":1,"minecraft:stone_button":33,"createdeco:industrial_iron_support":3,"createrailwaysnavigator:advanced_display_panel":88,"createdeco:industrial_iron_catwalk_railing":2,"create:andesite_casing":17,"minecraft:cat_spawn_egg":1,"createrailwaysnavigator:advanced_display_block":81,"create:track_signal":4,"minecraft:coal_block":2,"create:basin":19,"create:andesite_scaffolding":8,"minecraft:white_stained_glass":2,"create:framed_glass_door":4,"create:steam_whistle":1,"create:vertical_gearbox":41,"create:andesite_bars":8,"create:large_cogwheel":7,"minecraft:gray_stained_glass":10,"create:framed_glass":99,"minecraft:netherite_sword":5,"create:weighted_ejector":2,"minecraft:flint_and_steel":3,"create:schematic_table":34,"create:item_vault":185,"railways:conductor_vent":3,"minecraft:redstone":72,"createdeco:black_placard":3,"minecraft:spruce_planks":83,"create:cuckoo_clock":1,"create:sticky_mechanical_piston":4,"farmersdelight:rich_soil":3,"createdeco:industrial_iron_trapdoor":9,"minecraft:netherrack":9,"railways:red_plated_locometal":1,"minecraft:dragon_egg":13,"create:turntable":1,"copycats:copycat_door":1,"minecraft:anvil":4,"minecraft:dirt":8,"minecraft:target":6,"create:mechanical_mixer":4,"minecraft:hopper":11,"create:attribute_filter":8,"create:copycat_panel":55,"create:crimsite_pillar":2,"minecraft:shulker_box":20,"create:mechanical_plough":1,"minecraft:oak_fence_gate":2,"createdeco:andesite_catwalk":1,"create:chute":38,"create:smart_chute":2,"copycats:copycat_shaft":6,"copycats:copycat_block":2,"minecraft:sea_lantern":504,"create:gearbox":26,"create:wrench":252,"minecraft:oak_stairs":4,"createdeco:black_shipping_container":10,"create:brass_bars":3,"create:cart_assembler":14,"create:brown_toolbox":3,"create:creative_motor":86,"minecraft:barrel":15,"copycats:copycat_cogwheel":1,"create:polished_cut_calcite_stairs":1,"minecraft:light_gray_wool":1,"create:encased_chain_drive":202,"create:gantry_carriage":16,"farmersdelight:basket":2,"minecraft:soul_soil":1,"minecraft:black_stained_glass":1,"create:radial_chassis":1,"createdeco:zinc_bars_overlay":4,"minecraft:iron_trapdoor":10,"minecraft:goat_horn":1,"minecraft:minecart":10,"create:fluid_pipe":7,"minecraft:stone_pressure_plate":12,"create:content_observer":7,"create:white_toolbox":3,"minecraft:observer":21,"create:gantry_shaft":54,"create:belt_connector":100,"create:gearshift":4,"create:wand_of_symmetry":7,"minecraft:water_bucket":50,"createrailwaysnavigator:advanced_display_sloped":13,"createdeco:decal_fire_diamond":1,"minecraft:prismarine_brick_slab":3,"minecraft:birch_planks":1,"create:empty_blaze_burner":9,"create:train_door":6,"create:layered_diorite":21,"create:brass_tunnel":5,"create:nixie_tube":2,"create:framed_glass_trapdoor":5,"create:blaze_burner":13,"create:item_drain":2,"copycats:copycat_slope_layer":2,"copycats:copycat_board":8,"create:cut_calcite_bricks":4,"minecraft:rail":10,"minecraft:comparator":10,"create:brass_funnel":132,"create:encased_fan":86,"createdeco:yellow_placard":1,"minecraft:birch_sign":13,"create:schematicannon":4,"createdeco:industrial_iron_catwalk_stairs":2,"minecraft:white_bed":4,"minecraft:painting":7,"create:layered_calcite":3,"create:filter":27,"minecraft:spruce_log":10,"create:secondary_linear_chassis":46,"copycats:copycat_slice":24,"minecraft:oak_log":22,"copycats:copycat_vertical_slope":18,"create:linear_chassis":112,"minecraft:piston":4,"railways:buffer":2,"create:zinc_block":1,"createdeco:decal_no_entry":2,"create:mechanical_press":3,"createdeco:yellow_industrial_iron_lamp":4,"create:windmill_bearing":2,"create:orange_toolbox":1,"create:mechanical_arm":2,"create:andesite_tunnel":16,"create:large_water_wheel":1,"minecraft:crimson_nylium":7,"createrailwaysnavigator:advanced_display":34,"minecraft:cobblestone":1,"copycats:copycat_vertical_step":2,"minecraft:warped_fence_gate":2,"create:powered_latch":14,"create:creative_fluid_tank":4,"create:hand_crank":6,"minecraft:wither_rose":1,"create:display_board":17,"create:clutch":32,"minecraft:stripped_oak_log":39,"create:elevator_pulley":3,"create:redstone_link":22,"copycats:copycat_vertical_slice":26,"minecraft:gray_wool":1,"railways:red_locometal_smokebox":2,"createdeco:decal_up":1,"minecraft:smooth_stone":90}},"DataVersion":3465}