{"stats":{"minecraft:dropped":{"minecraft:stone_button":1,"minecraft:tnt":13,"minecraft:arrow":64,"minecraft:bow":1,"minecraft:cactus":1,"minecraft:redstone":1},"minecraft:custom":{"minecraft:time_since_rest":92439,"minecraft:sprint_one_cm":53568,"minecraft:inspect_dropper":2,"minecraft:walk_one_cm":105872,"minecraft:damage_taken":2911,"minecraft:damage_absorbed":592,"minecraft:mob_kills":2,"minecraft:drop":18,"minecraft:damage_dealt":574,"minecraft:fly_one_cm":605685,"minecraft:player_kills":2,"minecraft:open_chest":2,"minecraft:crouch_one_cm":5355,"minecraft:play_time":92439,"minecraft:sneak_time":2599,"minecraft:walk_under_water_one_cm":1951,"minecraft:aviate_one_cm":55850,"minecraft:jump":652,"minecraft:leave_game":5,"minecraft:walk_on_water_one_cm":8250,"minecraft:time_since_death":92439,"minecraft:total_world_time":92439,"minecraft:damage_resisted":206,"minecraft:fall_one_cm":34922,"minecraft:inspect_dispenser":38},"minecraft:picked_up":{"minecraft:tipped_arrow":820,"minecraft:trident":2,"minecraft:shield":1,"minecraft:redstone":13,"minecraft:diamond_block":7,"minecraft:cactus":1,"minecraft:arrow":64,"minecraft:bow":2,"minecraft:diamond":4,"minecraft:netherite_helmet":1,"minecraft:crossbow":1,"minecraft:netherite_chestplate":1,"minecraft:rail":115},"minecraft:broken":{"minecraft:fishing_rod":1},"minecraft:used":{"create:linear_chassis":8,"minecraft:redstone_torch":8,"minecraft:oak_fence":2,"minecraft:trident":2,"minecraft:water_bucket":4,"create:framed_glass":1,"minecraft:lever":3,"betterend:aeternium_sword":3,"create:windmill_bearing":14,"create:wrench":5,"create:rose_quartz_lamp":9,"minecraft:grass_block":76,"minecraft:dispenser":32,"minecraft:redstone":63,"minecraft:stone_button":14,"minecraft:totem_of_undying":9,"create:creative_motor":1,"create:mechanical_bearing":4,"minecraft:bedrock":2,"minecraft:fishing_rod":26,"minecraft:repeater":17,"minecraft:redstone_lamp":5,"minecraft:diamond_block":65,"create:radial_chassis":5,"minecraft:bow":24,"create:shaft":22,"create:white_sail":63,"minecraft:crossbow":1,"create:vertical_gearbox":3,"minecraft:enchanted_golden_apple":6,"minecraft:netherite_sword":11},"minecraft:killed":{"betterend:dragonfly":1,"minecraft:player":1,"minecraft:enderman":1}},"DataVersion":3465}