{"stats":{"minecraft:mined":{"minecraft:cyan_wool":7,"farmersdelight:potato_crate":1,"minecraft:grass_block":3,"minecraft:sugar_cane":1},"minecraft:dropped":{"minecraft:sugar_cane":12872,"create:schematic":1},"minecraft:custom":{"minecraft:time_since_rest":100503,"minecraft:sprint_one_cm":59788,"minecraft:damage_taken":413,"minecraft:walk_one_cm":143194,"minecraft:trigger_trapped_chest":1,"minecraft:drop":205,"minecraft:swim_one_cm":345,"minecraft:interact_with_crafting_table":1,"minecraft:fly_one_cm":998451,"minecraft:open_chest":36,"minecraft:crouch_one_cm":2914,"minecraft:play_time":339554,"minecraft:open_shulker_box":1,"minecraft:deaths":4,"minecraft:sneak_time":5994,"minecraft:walk_under_water_one_cm":19729,"minecraft:jump":701,"minecraft:leave_game":8,"minecraft:walk_on_water_one_cm":38362,"minecraft:time_since_death":100447,"minecraft:total_world_time":339554,"minecraft:damage_resisted":2,"minecraft:fall_one_cm":6660},"minecraft:picked_up":{"farmersdelight:potato_crate":1,"minecraft:andesite":20,"minecraft:gravel":64,"minecraft:flint":8,"create:schematic":1,"minecraft:dirt":19,"minecraft:shulker_box":1,"create:creative_motor":5,"minecraft:cyan_wool":7,"minecraft:sugar_cane":15662},"minecraft:used":{"create:chute":1,"create:linear_chassis":18,"create:wrench":61,"create:windmill_bearing":14,"create:schematic_table":3,"create:gearbox":2,"create:item_vault":3,"minecraft:bread":3,"create:hose_pulley":21,"minecraft:oak_sign":1,"minecraft:chest":3,"create:cuckoo_clock":2,"create:potato_cannon":13,"minecraft:redstone_block":5,"create:creative_motor":66,"create:blaze_burner":15,"create:mechanical_bearing":3,"create:encased_chain_drive":45,"create:fluid_tank":90,"create:clockwork_bearing":7,"create:rotation_speed_controller":11,"create:mechanical_pump":23,"minecraft:dirt":3,"create:encased_fan":1,"create:shaft":60,"create:steam_engine":33,"create:white_sail":184,"create:cogwheel":104,"create:stressometer":1,"create:schematicannon":8,"create:creative_fluid_tank":3,"create:fluid_pipe":101,"minecraft:shulker_box":2,"create:creative_crate":7,"create:vertical_gearbox":4,"create:speedometer":1,"create:steam_whistle":8,"minecraft:cyan_wool":120,"minecraft:enchanted_golden_apple":4,"create:large_cogwheel":3,"create:belt_connector":15,"minecraft:experience_bottle":1835,"farmersdelight:potato_crate":3,"create:gearshift":7}},"DataVersion":3465}