{"stats":{"minecraft:dropped":{"betterend:emerald_ice":1,"minecraft:oak_sapling":64,"minecraft:shulker_box":1,"minecraft:grass_block":1},"minecraft:custom":{"minecraft:time_since_rest":101057,"minecraft:sprint_one_cm":3105,"minecraft:walk_one_cm":14221,"minecraft:mob_kills":20,"minecraft:drop":4,"minecraft:minecart_one_cm":42540,"minecraft:damage_dealt":1248,"minecraft:fly_one_cm":1986219,"minecraft:open_barrel":2,"minecraft:open_chest":35,"minecraft:play_time":101057,"minecraft:sneak_time":7337,"minecraft:walk_under_water_one_cm":23350,"minecraft:jump":39,"minecraft:leave_game":3,"minecraft:time_since_death":101055,"minecraft:walk_on_water_one_cm":29108,"minecraft:total_world_time":101057,"minecraft:climb_one_cm":15,"minecraft:fall_one_cm":209,"minecraft:inspect_dispenser":1},"minecraft:picked_up":{"minecraft:ochre_froglight":1},"minecraft:used":{"minecraft:redstone_torch":25,"minecraft:frog_spawn_egg":29,"minecraft:glass":24,"minecraft:netherite_sword":28,"minecraft:water_bucket":9,"minecraft:ender_eye":17,"minecraft:black_wool":56,"minecraft:lava_bucket":1,"minecraft:birch_planks":1,"create:windmill_bearing":1,"create:schematic_table":1,"create:item_vault":19,"railways:track_monorail":3,"minecraft:grass_block":2,"minecraft:powered_rail":110,"minecraft:spawner":1,"minecraft:barrel":2,"minecraft:stone_brick_stairs":22,"create:creative_motor":10,"minecraft:magma_cube_spawn_egg":6,"minecraft:slime_spawn_egg":6,"minecraft:tadpole_bucket":4,"minecraft:white_wool":55,"minecraft:bow":8,"create:rotation_speed_controller":2,"minecraft:rail":2,"railways:track_phantom":5,"minecraft:end_crystal":11,"minecraft:tnt":387,"minecraft:bucket":9,"minecraft:cobblestone_wall":8,"create:schematicannon":1,"minecraft:minecart":30,"minecraft:white_bed":23,"minecraft:end_portal_frame":12,"create:creative_crate":2,"minecraft:ochre_froglight":65,"railways:track_tieless_wide":3,"minecraft:obsidian":3,"create:large_cogwheel":1},"minecraft:killed":{"minecraft:magma_cube":14,"minecraft:slime":6}},"DataVersion":3465}