{"stats":{"minecraft:killed_by":{"minecraft:player":1},"minecraft:dropped":{"railways:track_oak":1,"minecraft:observer":512,"minecraft:totem_of_undying":1,"minecraft:glass_pane":64,"minecraft:netherite_scrap":624,"farmersdelight:fried_egg":128,"minecraft:sand":1536},"minecraft:custom":{"minecraft:inspect_dropper":7,"minecraft:mob_kills":8,"minecraft:interact_with_crafting_table":1,"minecraft:tune_noteblock":124,"minecraft:leave_game":18,"minecraft:time_since_death":39819,"minecraft:climb_one_cm":2283,"minecraft:time_since_rest":39858,"minecraft:sprint_one_cm":149126,"minecraft:damage_taken":641,"minecraft:walk_one_cm":240109,"minecraft:drop":47,"minecraft:minecart_one_cm":5432,"minecraft:damage_dealt":280,"minecraft:fly_one_cm":2300220,"minecraft:player_kills":2,"minecraft:open_chest":27,"minecraft:crouch_one_cm":2,"minecraft:play_time":278302,"minecraft:deaths":2,"minecraft:sneak_time":3416,"minecraft:walk_under_water_one_cm":6968,"minecraft:interact_with_lectern":2,"minecraft:jump":799,"minecraft:walk_on_water_one_cm":40371,"minecraft:total_world_time":278302,"minecraft:fall_one_cm":6831,"minecraft:inspect_dispenser":1},"minecraft:picked_up":{"minecraft:shulker_shell":6,"farmersdelight:squid_ink_pasta":1,"minecraft:magma_cream":2,"minecraft:repeater":2,"minecraft:redstone_lamp":1,"minecraft:ochre_froglight":18,"minecraft:oak_log":16,"minecraft:shield":1,"create:content_observer":1,"create:item_vault":1,"minecraft:netherite_scrap":624,"minecraft:glass":3,"minecraft:apple":1,"minecraft:bow":1,"minecraft:smooth_stone":1,"railways:green_conductor_cap":2,"create:shaft":2,"minecraft:observer":13760,"minecraft:birch_sapling":11,"railways:track_oak":1,"create:sequenced_gearshift":1,"minecraft:tipped_arrow":254,"minecraft:scaffolding":20,"minecraft:stick":24,"minecraft:sand":3947,"minecraft:lava_bucket":2,"create:windmill_bearing":1,"minecraft:grass_block":1,"minecraft:redstone":1,"minecraft:shulker_box":2,"minecraft:dragon_egg":1,"farmersdelight:fried_egg":128,"minecraft:slime_ball":14,"minecraft:totem_of_undying":1,"minecraft:oak_sapling":35,"create:white_sail":1,"create:linked_controller":1,"minecraft:cobblestone":127},"minecraft:used":{"minecraft:water_bucket":9,"farmersdelight:milk_bottle":13,"create:item_vault":102,"create:piston_extension_pole":14,"minecraft:redstone":14,"minecraft:oak_sign":2,"create:portable_storage_interface":7,"create:mechanical_bearing":16,"minecraft:white_wool":63,"minecraft:dragon_egg":8,"create:mechanical_pump":1,"minecraft:dirt":8,"railways:green_conductor_cap":2,"create:brass_funnel":9,"farmersdelight:blue_canvas_sign":1,"create:white_sail":133,"create:cogwheel":5,"minecraft:white_bed":8,"create:creative_crate":1,"minecraft:ochre_froglight":32,"railways:track_tieless":17,"minecraft:obsidian":10,"farmersdelight:rope":1,"minecraft:oak_log":10,"minecraft:glass":8,"minecraft:lever":3,"minecraft:black_wool":101,"create:windmill_bearing":3,"create:wrench":4,"railways:track_monorail":9,"minecraft:grass_block":5,"create:rose_quartz_lamp":9,"minecraft:oak_button":2,"minecraft:birch_sapling":1,"create:creative_motor":24,"create:andesite_funnel":1,"minecraft:item_frame":6,"minecraft:bedrock":1,"create:linked_controller":1,"create:basin":1,"minecraft:redstone_lamp":21,"minecraft:bow":36,"railways:track_phantom":5,"minecraft:end_crystal":12,"minecraft:scaffolding":259,"minecraft:stripped_oak_wood":13,"create:fluid_pipe":9,"minecraft:end_portal_frame":5,"create:clutch":2,"create:content_observer":1,"railways:track_tieless_wide":1,"farmersdelight:squid_ink_pasta":2,"minecraft:splash_potion":41,"minecraft:smooth_stone":40,"railways:track_oak":8},"minecraft:killed":{"minecraft:shulker":8,"minecraft:player":1}},"DataVersion":3465}