{"stats":{"minecraft:mined":{"minecraft:shulker_box":5},"minecraft:dropped":{"minecraft:birch_planks":1,"create:attribute_filter":1,"minecraft:wheat_seeds":176,"minecraft:gray_stained_glass_pane":1,"minecraft:chorus_flower":1,"minecraft:sniffer_egg":1,"minecraft:light_gray_stained_glass_pane":1,"create:cogwheel":1,"minecraft:turtle_egg":1,"minecraft:conduit":1,"minecraft:black_stained_glass_pane":1,"minecraft:dried_kelp":192,"minecraft:white_stained_glass_pane":1,"create:blaze_cake":226,"minecraft:end_crystal":1,"create:sweet_roll":898,"create:brass_funnel":1,"minecraft:kelp":1494,"minecraft:wheat":70,"minecraft:brown_stained_glass_pane":1,"minecraft:white_carpet":1898,"minecraft:red_stained_glass_pane":1,"minecraft:slime_ball":1,"minecraft:orange_stained_glass_pane":1,"minecraft:egg":19},"minecraft:custom":{"minecraft:interact_with_anvil":1,"minecraft:open_barrel":11,"minecraft:open_shulker_box":1,"minecraft:leave_game":65,"minecraft:time_since_death":5397013,"minecraft:sprint_one_cm":641945,"minecraft:walk_one_cm":628050,"minecraft:drop":110,"minecraft:play_time":5770996,"minecraft:deaths":1,"minecraft:walk_under_water_one_cm":47444,"minecraft:sneak_time":19846,"minecraft:interact_with_lectern":1,"minecraft:jump":5467,"minecraft:walk_on_water_one_cm":78901,"minecraft:total_world_time":5770996,"minecraft:interact_with_furnace":2,"minecraft:time_since_rest":5397049,"minecraft:damage_taken":410,"minecraft:damage_dealt":34,"minecraft:swim_one_cm":17629,"minecraft:fly_one_cm":7673561,"minecraft:open_chest":52,"minecraft:crouch_one_cm":5087,"minecraft:fall_one_cm":4092},"minecraft:picked_up":{"minecraft:wooden_axe":2,"minecraft:wheat":70,"railways:red_conductor_cap":1,"minecraft:orange_stained_glass_pane":1,"minecraft:turtle_egg":1,"minecraft:conduit":1,"create:sweet_roll":768,"minecraft:item_frame":1,"minecraft:white_carpet":1836,"create:redstone_link":1,"minecraft:brown_stained_glass_pane":1,"create:brass_funnel":2,"minecraft:redstone_torch":2,"minecraft:sugar_cane":31,"minecraft:egg":944,"create:blaze_cake":64,"create:windmill_bearing":2,"minecraft:dried_kelp":284,"minecraft:end_crystal":1,"minecraft:light_gray_stained_glass_pane":1,"minecraft:gray_stained_glass_pane":1,"minecraft:sniffer_egg":1,"minecraft:chorus_flower":1,"minecraft:rail":1,"minecraft:water_bucket":1,"minecraft:yellow_dye":1,"minecraft:birch_planks":1,"create:belt_connector":3,"minecraft:kelp":1540,"minecraft:wheat_seeds":178,"create:goggles":1,"minecraft:powered_rail":10,"create:super_glue":1,"create:radial_chassis":1,"minecraft:white_stained_glass_pane":1,"create:attribute_filter":2,"create:cogwheel":1,"minecraft:black_stained_glass_pane":1,"minecraft:sand":1,"minecraft:shulker_box":5,"railways:track_create_andesite_wide":2,"create:creative_motor":1,"minecraft:slime_ball":1,"create:white_sail":4},"minecraft:used":{"createoreexcavation:drilling_machine":4,"minecraft:flint_and_steel":5,"create:schematic_table":1,"create:item_vault":41,"minecraft:armor_stand":6,"minecraft:dead_tube_coral_fan":4,"minecraft:redstone":69,"minecraft:dried_kelp":6,"create:pulse_extender":5,"minecraft:sculk":1,"create:sticker":7,"minecraft:player_head":2,"minecraft:stone_hoe":144,"minecraft:netherrack":2,"create:mechanical_bearing":2,"create:fluid_tank":24,"create:mechanical_pump":61,"minecraft:dirt":58,"minecraft:white_carpet":13,"create:cogwheel":41,"create:white_sail":219,"minecraft:nether_quartz_ore":1,"minecraft:shulker_box":9,"create:netherite_backtank":1,"create:creative_crate":2,"create:depot":4,"minecraft:nether_brick_stairs":1,"minecraft:milk_bucket":2,"minecraft:obsidian":56,"create:smart_chute":1,"minecraft:iron_hoe":54,"minecraft:glass":45,"minecraft:sea_lantern":13,"minecraft:lava_bucket":76,"create:wrench":103,"create:gearbox":3,"minecraft:grass_block":178,"minecraft:acacia_slab":1,"minecraft:slime_block":15,"create:hose_pulley":5,"create:cart_assembler":5,"create:creative_motor":25,"minecraft:barrel":1,"create:rope_pulley":1,"minecraft:bedrock":3,"create:encased_chain_drive":1,"minecraft:glowstone":5,"minecraft:repeater":12,"create:linked_controller":6,"create:rotation_speed_controller":9,"create:stockpile_switch":7,"minecraft:black_stained_glass":3,"create:radial_chassis":2,"create:shaft":86,"create:steam_engine":14,"minecraft:minecart":11,"minecraft:netherite_pickaxe":5,"create:fluid_pipe":38,"minecraft:skeleton_skull":1,"minecraft:end_stone_brick_stairs":1,"minecraft:observer":4,"create:gantry_shaft":1,"create:belt_connector":38,"minecraft:wheat_seeds":201,"minecraft:water_bucket":58,"minecraft:powered_rail":8,"create:empty_blaze_burner":1,"minecraft:ender_pearl":3,"create:waxed_copper_tiles":1,"minecraft:redstone_block":25,"railways:track_create_andesite_narrow":1,"minecraft:sugar_cane":84,"create:blaze_burner":10,"minecraft:oak_leaves":87,"minecraft:smooth_quartz_stairs":1,"minecraft:comparator":9,"create:brass_funnel":132,"railways:track_create_andesite_wide":55,"minecraft:smooth_red_sandstone":1,"minecraft:redstone_torch":6,"minecraft:oak_log":4,"minecraft:sticky_piston":7,"create:linear_chassis":9,"minecraft:lever":20,"createdeco:gold_coinstack":9,"create:windmill_bearing":8,"create:sweet_roll":2,"create:water_wheel":1,"create:mechanical_arm":37,"create:andesite_casing":1,"minecraft:yellow_wool":6,"minecraft:chiseled_stone_bricks":1,"minecraft:fishing_rod":1,"createoreexcavation:vein_finder":1,"minecraft:white_stained_glass":2,"create:stressometer":3,"create:creative_fluid_tank":9,"minecraft:smooth_stone_slab":1,"create:display_board":1,"create:clutch":1,"create:pulse_repeater":6,"minecraft:kelp":2,"create:vertical_gearbox":16,"create:redstone_link":6,"minecraft:smooth_stone":4,"minecraft:splash_potion":14,"create:large_cogwheel":5}},"DataVersion":3465}