{"stats":{"minecraft:crafted":{"create:mysterious_cuckoo_clock":16},"minecraft:picked_up":{"minecraft:wooden_axe":4,"create:item_drain":1,"minecraft:magenta_carpet":1,"create:metal_bracket":5,"minecraft:lead":11,"create:wrench":7,"minecraft:wither_rose":1,"minecraft:polished_deepslate":14,"farmersdelight:cutting_board":65,"minecraft:string":24,"create:content_observer":64,"extended_drawers:compacting_drawer":7,"create:water_wheel":3,"minecraft:gold_nugget":21,"minecraft:written_book":4,"minecraft:melon_slice":12,"createdeco:decal_no_entry":3,"minecraft:golden_helmet":1,"create:train_door":18,"minecraft:cyan_stained_glass":49,"create:andesite_casing":12,"createrailwaysnavigator:train_station_clock":1,"createrailwaysnavigator:advanced_display_sloped":1,"farmersdelight:chicken_cuts":2,"create:industrial_iron_block":1733,"create:wand_of_symmetry":1,"create:clipboard":4,"create:track":4778,"minecraft:cyan_terracotta":14,"create:crafting_blueprint":3,"minecraft:blaze_rod":30,"minecraft:snowball":155,"minecraft:birch_log":1,"minecraft:barrier":1,"minecraft:feather":2,"minecraft:flint":5720,"minecraft:gray_concrete":15,"farmersdelight:tomato":129,"minecraft:lantern":5,"farmersdelight:mutton_chops":8,"create:encased_chain_drive":5,"railways:white_conductor_cap":1,"minecraft:jigsaw":65,"create:minecart_coupling":11,"create:goggles":2,"minecraft:dark_oak_sign":1,"create:shaft":16,"create:super_glue":2,"createdeco:yellow_placard":6,"create:red_sand_paper":1,"minecraft:structure_void":1,"create:steam_whistle":1,"create:honeyed_apple":1,"create:netherite_backtank":1,"railways:track_create_andesite_wide":14,"create:small_andesite_brick_stairs":64,"minecraft:lever":9,"minecraft:light_gray_carpet":7,"create:copper_valve_handle":5,"betterend:terminite_slab":1,"minecraft:nether_wart":7,"createrailwaysnavigator:navigator":1,"create:handheld_worldshaper":1,"create:waxed_copper_shingle_slab":1,"create:propeller":1,"minecraft:flint_and_steel":1,"createrailwaysnavigator:advanced_display":1,"minecraft:netherite_scrap":2028,"minecraft:white_carpet":75,"create:redstone_link":11,"create:brass_funnel":129,"minecraft:beef":61,"minecraft:iron_nugget":5831,"minecraft:minecart":2,"create:clutch":13,"minecraft:egg":7,"createdeco:decal_down":1,"dragonlib:dragon":1,"minecraft:stone":2,"minecraft:polished_deepslate_slab":1,"minecraft:glow_item_frame":1,"farmersdelight:minced_beef":3,"copycats:copycat_block":1,"minecraft:spruce_fence":2,"create:copper_backtank":2,"minecraft:redstone":46,"create:brass_casing":5,"create:vertical_gearbox":1,"betterend:elytra_armored":2,"minecraft:decorated_pot":1,"minecraft:diamond_boots":2,"minecraft:deepslate_bricks":4,"create:depot":1,"minecraft:gold_ingot":120,"minecraft:totem_of_undying":3,"minecraft:white_shulker_box":1,"minecraft:rail":129,"minecraft:white_wool":66,"minecraft:stripped_oak_log":1,"minecraft:clock":13,"create:crushed_raw_gold":11,"create:brass_scaffolding":1,"minecraft:oak_log":48,"minecraft:ancient_debris":3072,"minecraft:paper":24,"minecraft:white_banner":21,"minecraft:apple":2,"minecraft:stone_bricks":37,"minecraft:kelp":4971,"railways:red_flat_slashed_locometal":4,"create:brass_door":1,"minecraft:glass_bottle":2,"create:creative_blaze_cake":64,"farmersdelight:netherite_knife":2,"createrailwaysnavigator:advanced_display_panel":1,"minecraft:yellow_concrete":2,"minecraft:gravel":10314,"minecraft:spruce_log":17,"create:schematic":1,"create:gearbox":133,"minecraft:sea_lantern":33,"minecraft:dragon_egg":82,"create:andesite_scaffolding":3,"create:creative_motor":5,"minecraft:firework_rocket":157,"createrailwaysnavigator:advanced_display_block":3,"minecraft:polished_diorite":1,"create:smart_chute":2176,"create:weighted_ejector":1,"create:mechanical_pump":1,"minecraft:birch_sign":2,"minecraft:oak_button":4,"createrailwaysnavigator:advanced_display_half_panel":1,"minecraft:pink_dye":1,"minecraft:hopper":256,"create:nozzle":3,"minecraft:potion":2,"create:wooden_bracket":1,"minecraft:sticky_piston":65,"minecraft:oak_sign":1,"minecraft:bucket":2,"minecraft:red_sand":605,"minecraft:smooth_stone":98,"minecraft:comparator":1,"minecraft:redstone_torch":6,"create:potato_cannon":4,"minecraft:calcite":12,"minecraft:wooden_shovel":208,"minecraft:smooth_quartz":1,"minecraft:smooth_quartz_stairs":1,"minecraft:stick":22,"minecraft:torch":1,"betterend:end_fish_raw":2,"minecraft:porkchop":35,"minecraft:dried_kelp":1335,"minecraft:diorite":2,"create:framed_glass":1,"create:schematicannon":64,"create:large_cogwheel":2,"minecraft:rotten_flesh":96,"createrailwaysnavigator:advanced_display_small":1,"minecraft:obsidian":1,"create:linked_controller":3,"minecraft:cobblestone":14985,"vinery:apple_mash":63,"minecraft:repeater":2,"minecraft:andesite":3896,"create:belt_connector":655,"create:incomplete_precision_mechanism":43,"minecraft:stripped_birch_log":1,"minecraft:lapis_lazuli":320,"create:pulse_repeater":4,"minecraft:dirt":20,"minecraft:glass":1118,"minecraft:bone":91,"minecraft:bow":4,"minecraft:bell":2,"create:flywheel":1,"minecraft:powered_rail":978,"minecraft:oak_planks":1,"extended_drawers:single_drawer":2,"farmersdelight:basket":64,"create:cogwheel":30,"create_enchantment_industry:enchanting_guide":3,"minecraft:polished_blackstone_slab":2,"create:cut_deepslate_bricks":1,"minecraft:sand":406,"minecraft:grass_block":4620,"minecraft:shulker_box":123,"minecraft:light_gray_concrete":4,"create:track_station":1,"minecraft:diamond":123,"create:filter":197,"minecraft:black_concrete":3,"create:schedule":3,"minecraft:bone_meal":1,"minecraft:golden_apple":1,"minecraft:emerald":576,"minecraft:oak_sapling":32,"minecraft:netherrack":14,"minecraft:cocoa_beans":9,"minecraft:allium":2,"minecraft:splash_potion":6,"minecraft:chicken":2,"create:crafter_slot_cover":6,"minecraft:structure_block":1,"create:polished_cut_calcite":1,"railways:red_conductor_cap":1,"create:rotation_speed_controller":4,"create:schematic_table":129,"create:creative_crate":128,"create:calcite_pillar":1,"minecraft:player_head":1,"create:pulse_extender":4,"create:railway_casing":4,"create:windmill_bearing":2,"minecraft:stone_button":4,"create:hand_crank":1,"minecraft:stone_pressure_plate":3,"minecraft:arrow":53,"minecraft:weeping_vines":1,"create:experience_nugget":965,"create:empty_schematic":3,"minecraft:prismarine_slab":1,"minecraft:glow_ink_sac":64,"minecraft:bedrock":1,"create:andesite_alloy":517,"minecraft:gunpowder":65,"create:item_vault":1,"minecraft:gray_carpet":2,"create:adjustable_chain_gearshift":1,"minecraft:iron_ingot":968,"minecraft:prismarine_brick_slab":1,"minecraft:soul_sand":1,"create:large_water_wheel":36,"minecraft:pumpkin":2,"create:attribute_filter":1,"create:small_andesite_brick_slab":64,"minecraft:quartz":398,"create:brass_tunnel":9,"minecraft:spider_eye":1,"minecraft:spruce_door":2,"create:extendo_grip":3,"minecraft:music_disc_mall":1,"create:encased_fan":1,"minecraft:terracotta":64,"minecraft:red_concrete":1},"minecraft:dropped":{"minecraft:piston":1,"minecraft:glow_ink_sac":256,"minecraft:lapis_lazuli":512,"minecraft:oak_pressure_plate":1,"minecraft:crafting_table":1,"createrailwaysnavigator:advanced_display_block":2,"create:flywheel":1,"create:large_water_wheel":2,"minecraft:rail":64,"create:schedule":16,"minecraft:oak_door":1,"create:cut_granite_brick_stairs":1,"minecraft:lever":1,"minecraft:iron_nugget":45,"dragonlib:dragon":1,"minecraft:glowstone_dust":127,"create:potato_cannon":2,"minecraft:heavy_weighted_pressure_plate":1,"create:wrench":2,"create:track_station":1,"minecraft:spruce_slab":2,"minecraft:glass":705,"create:attribute_filter":1,"minecraft:clock":2,"minecraft:smooth_quartz_stairs":1,"minecraft:cobblestone":38,"minecraft:apple":2,"minecraft:spruce_button":2,"minecraft:spruce_door":1,"minecraft:stripped_jungle_log":1,"minecraft:golden_apple":1,"minecraft:warped_trapdoor":1,"minecraft:iron_trapdoor":2,"minecraft:wooden_axe":1,"minecraft:lime_carpet":1,"minecraft:stripped_birch_log":1,"minecraft:potion":2,"minecraft:white_banner":16,"railways:conductor_whistle":1,"minecraft:prismarine_slab":1,"minecraft:smooth_stone":1,"minecraft:paper":64,"create:brass_funnel":65,"minecraft:light_gray_concrete":3,"minecraft:glow_lichen":1,"minecraft:stone":1,"minecraft:allium":1,"minecraft:spruce_trapdoor":1,"create:zinc_ingot":64,"minecraft:wooden_shovel":38,"minecraft:stone_pressure_plate":1,"create:belt_connector":1,"minecraft:warped_stem":1,"create:super_glue":2,"minecraft:oak_log":48,"minecraft:loom":1,"railways:iron_wrapped_locometal_boiler":1,"create:filter":258,"minecraft:warped_fence_gate":1,"railways:green_conductor_cap":1,"minecraft:prismarine_brick_slab":1,"create:large_cogwheel":1,"create:crafter_slot_cover":2,"minecraft:blackstone":1,"minecraft:pointed_dripstone":1,"create:creative_motor":2,"minecraft:gunpowder":64,"minecraft:oak_wood":1,"create:gearbox":1,"create:industrial_iron_block":1728,"minecraft:written_book":17,"minecraft:splash_potion":6,"create:andesite_alloy":64,"minecraft:purple_carpet":1,"minecraft:firework_rocket":65,"minecraft:stripped_spruce_log":1,"create:small_andesite_brick_slab":64,"minecraft:poisonous_potato":1,"create:weighted_ejector":1,"create:chute":1,"minecraft:copper_ingot":64,"minecraft:grass_block":11,"minecraft:stick":22,"railways:track_create_andesite_wide":14,"create:small_andesite_brick_stairs":64,"createdeco:andesite_hull":1,"minecraft:polished_diorite":1,"minecraft:kelp":704,"create:stressometer":1,"create:linked_controller":1,"create:encased_chain_drive":4,"minecraft:stripped_oak_log":1,"create:experience_nugget":117,"minecraft:totem_of_undying":1,"create:red_sand_paper":1,"minecraft:dragon_egg":50,"minecraft:oak_sapling":31,"minecraft:birch_sign":1,"minecraft:spruce_log":1,"create:chocolate_bucket":2},"minecraft:custom":{"minecraft:interact_with_crafting_table":2,"minecraft:open_barrel":66,"minecraft:bell_ring":17,"minecraft:leave_game":141,"minecraft:time_since_death":52104,"minecraft:play_time":9166227,"minecraft:deaths":14,"minecraft:jump":10489,"minecraft:damage_dealt":7775,"minecraft:inspect_dispenser":8,"minecraft:inspect_dropper":32,"minecraft:interact_with_anvil":21,"minecraft:inspect_hopper":92,"minecraft:sneak_time":113199,"minecraft:interact_with_lectern":10,"minecraft:total_world_time":9166227,"minecraft:tune_noteblock":85,"minecraft:time_since_rest":52133,"minecraft:fly_one_cm":35882677,"minecraft:swim_one_cm":13098,"minecraft:open_chest":247,"minecraft:fall_one_cm":9157,"minecraft:open_shulker_box":43,"minecraft:sprint_one_cm":1164434,"minecraft:drop":280,"minecraft:talked_to_villager":4,"minecraft:walk_on_water_one_cm":216135,"minecraft:interact_with_loom":41,"minecraft:open_enderchest":2,"minecraft:interact_with_beacon":1,"minecraft:player_kills":7,"minecraft:crouch_one_cm":37312,"minecraft:mob_kills":49,"minecraft:fill_cauldron":3,"minecraft:climb_one_cm":10188,"minecraft:walk_one_cm":2865978,"minecraft:walk_under_water_one_cm":84932,"minecraft:pot_flower":4,"minecraft:damage_taken":4328,"minecraft:minecart_one_cm":336,"minecraft:aviate_one_cm":1380998},"minecraft:killed":{"minecraft:skeleton":1,"minecraft:cat":5,"minecraft:zombie":2,"minecraft:spider":1,"minecraft:wither":8,"minecraft:pig":4,"minecraft:creeper":1,"minecraft:ghast":4,"railways:conductor":1,"minecraft:slime":1,"minecraft:player":1},"minecraft:used":{"minecraft:orange_dye":4,"create:copper_door":4,"create:deployer":64,"minecraft:writable_book":3,"create:brass_casing":74,"betterend:menger_sponge":2,"minecraft:smooth_quartz_slab":271,"createdeco:industrial_iron_support_wedge":22,"minecraft:spruce_slab":19,"minecraft:polished_blackstone":12,"minecraft:ladder":3,"createdeco:andesite_door":1,"betterend:missing_tile":1,"minecraft:black_carpet":4,"minecraft:chest":34,"minecraft:stone":482,"create:tiled_glass":3,"minecraft:warped_sign":3,"minecraft:quartz_stairs":2,"copycats:copycat_fluid_pipe":6,"create:fluid_tank":142,"railways:copper_wrapped_locometal":2,"minecraft:soul_sand":4,"minecraft:skeleton_spawn_egg":16,"create:white_sail":23,"create:mechanical_crafter":26,"create:creative_crate":13,"create:depot":17,"railways:track_crimson":2,"create:framed_glass_pane":20,"minecraft:polished_blackstone_slab":63,"copycats:copycat_box":6,"create:controls":14,"minecraft:packed_ice":9,"copycats:copycat_vertical_stairs":2,"minecraft:lava_bucket":36,"create:netherite_diving_boots":6,"createdeco:decal_electrical":4,"minecraft:lime_banner":2,"betterend:aeternium_sword":127,"minecraft:red_wool":3,"minecraft:black_stained_glass_pane":3,"minecraft:grass_block":503,"create:rose_quartz_lamp":45,"minecraft:quartz_block":9,"railways:track_mangrove":1,"betterend:elytra_crystalite":1,"dragonlib:dragon":1,"create:track_observer":14,"minecraft:stone_brick_stairs":2,"create:rope_pulley":1,"create:andesite_funnel":80,"createdeco:white_shipping_container":11,"minecraft:stripped_mangrove_log":1,"railways:copycat_headstock":1,"create:polished_cut_calcite":1,"minecraft:bow":1,"create:rotation_speed_controller":19,"create:stockpile_switch":5,"railways:track_phantom":11,"create:shaft":601,"minecraft:oak_sapling":1,"create:cut_calcite_brick_slab":6,"copycats:copycat_large_cogwheel":3,"minecraft:egg":2,"createdeco:locked_andesite_door":2,"create:sequenced_gearshift":14,"minecraft:dragon_head":1,"railways:smokestack_diesel":14,"createdeco:orange_placard":1,"minecraft:deepslate_brick_wall":20,"createdeco:zinc_bars":3,"minecraft:cow_spawn_egg":1,"minecraft:spruce_door":6,"minecraft:cut_copper_slab":2,"createrailwaysnavigator:train_station_clock":14,"minecraft:powered_rail":119,"minecraft:blackstone":5,"copycats:copycat_ladder":26,"minecraft:composter":2,"minecraft:clay":1,"minecraft:oak_leaves":11,"minecraft:smooth_quartz_stairs":126,"create:spout":1,"railways:track_jungle":1,"minecraft:dark_oak_trapdoor":15,"minecraft:blue_dye":1,"minecraft:sand":37,"railways:red_flat_riveted_locometal":1,"minecraft:blue_ice":1,"minecraft:cyan_dye":3,"create:placard":1,"minecraft:gray_concrete":802,"minecraft:black_concrete_powder":5,"createdeco:industrial_iron_ladder":3,"minecraft:birch_fence":6,"railways:track_dark_oak":1,"create:display_link":13,"create:cut_andesite_brick_stairs":28,"minecraft:stone_button":56,"createdeco:andesite_support":3,"minecraft:lectern":2,"createdeco:industrial_iron_catwalk_railing":6,"create:contraption_controls":8,"minecraft:oak_pressure_plate":2,"minecraft:cat_spawn_egg":2,"create:powered_toggle_latch":19,"createrailwaysnavigator:advanced_display_block":78,"minecraft:fire_charge":13,"create:basin":47,"createdeco:decal_down":33,"minecraft:white_stained_glass":8,"create:steam_whistle":1,"railways:track_ender":1,"minecraft:diorite_slab":2,"minecraft:gray_stained_glass":1,"minecraft:oak_trapdoor":1,"railways:copycat_headstock_buffer":6,"create:framed_glass":310,"minecraft:iron_bars":4,"create:weighted_ejector":22,"minecraft:enchanting_table":3,"create:brass_door":3,"minecraft:orange_concrete":137,"create:schematic_table":22,"minecraft:red_concrete":345,"minecraft:armor_stand":6,"railways:gray_conductor_cap":1,"minecraft:light_gray_carpet":43,"minecraft:mycelium":9,"create:vertical_framed_glass_pane":1,"createdeco:andesite_support_wedge":4,"create:cuckoo_clock":12,"create:sticky_mechanical_piston":10,"minecraft:torch":22,"create:turntable":4,"create:brass_scaffolding":1,"minecraft:anvil":21,"copycats:copycat_wall":13,"minecraft:target":35,"minecraft:light_blue_dye":1,"minecraft:stone_stairs":7,"minecraft:yellow_carpet":13,"extended_drawers:connector":33,"minecraft:oak_fence_gate":15,"createdeco:andesite_catwalk":9,"minecraft:polished_diorite":276,"railways:copycat_headstock_link_and_pin_linkless":4,"minecraft:sea_lantern":343,"create:gearbox":60,"create:wrench":450,"minecraft:iron_block":1,"minecraft:light_weighted_pressure_plate":1,"minecraft:spruce_button":2,"minecraft:slime_block":14,"create:copycat_step":80,"minecraft:polished_deepslate_wall":525,"minecraft:birch_hanging_sign":2,"minecraft:smooth_quartz":84,"railways:red_riveted_locometal":1,"minecraft:lime_dye":11,"betterend:endstone_dust":2,"create:creative_motor":117,"minecraft:prismarine_slab":154,"minecraft:smooth_basalt":1,"create:horizontal_framed_glass":2,"create:encased_chain_drive":422,"minecraft:tripwire_hook":3,"minecraft:glowstone":37,"create:gantry_carriage":2,"minecraft:lime_concrete":12,"minecraft:iron_trapdoor":34,"extended_drawers:t2_upgrade":1,"create:fluid_pipe":47,"create:polished_cut_andesite_wall":4,"betterend:elytra_armored":1,"minecraft:observer":34,"minecraft:magenta_dye":1,"create:belt_connector":405,"create:smart_fluid_pipe":13,"minecraft:calcite":25,"create:polished_cut_deepslate_stairs":65,"create:wand_of_symmetry":22,"minecraft:water_bucket":105,"extended_drawers:single_drawer":58,"createrailwaysnavigator:advanced_display_sloped":22,"createdeco:decal_fire_diamond":2,"railways:semaphore":36,"minecraft:dirt_path":3,"minecraft:prismarine_brick_slab":179,"createdeco:mossy_scarlet_bricks":31,"minecraft:birch_planks":1,"create:layered_diorite":1,"create:brass_tunnel":56,"minecraft:cauldron":7,"create:nixie_tube":52,"railways:track_create_andesite_narrow":1,"minecraft:glow_ink_sac":15,"create:framed_glass_trapdoor":28,"minecraft:deepslate_bricks":1,"create:blaze_burner":18,"minecraft:conduit":1,"railways:track_switch_andesite":10,"railways:track_tieless_narrow":3,"copycats:copycat_slope_layer":2,"minecraft:polished_deepslate_slab":49,"minecraft:diamond_block":1,"minecraft:oak_slab":1,"betterend:terminite_bars":1,"minecraft:rail":57,"minecraft:comparator":25,"create:encased_fan":121,"createdeco:yellow_placard":10,"minecraft:tnt":1,"railways:track_create_andesite_wide":104,"minecraft:green_dye":4,"minecraft:birch_sign":129,"createdeco:light_gray_shipping_container":10,"minecraft:sculk_shrieker":4,"minecraft:campfire":13,"minecraft:dark_oak_fence_gate":6,"createdeco:red_shipping_container":13,"create:filter":47,"minecraft:spruce_log":85,"create:secondary_linear_chassis":1,"minecraft:oak_log":4,"create:track":281,"minecraft:yellow_dye":1,"minecraft:light":6,"minecraft:diamond_shovel":2,"minecraft:oak_button":9,"minecraft:tnt_minecart":330,"create:water_wheel":36,"create_enchantment_industry:ink_bucket":1,"minecraft:spruce_trapdoor":14,"createdeco:decal_warning":2,"copycats:copycat_slope":2,"create:andesite_tunnel":2,"createrailwaysnavigator:advanced_display":46,"railways:copycat_headstock_knuckle_coupler":11,"minecraft:blue_carpet":1,"minecraft:cobblestone":273,"minecraft:crimson_stairs":33,"create:powered_latch":8,"create:clutch":27,"minecraft:stripped_oak_log":2,"create:elevator_pulley":12,"create:redstone_link":216,"minecraft:kelp":162,"railways:black_copper_wrapped_locometal_boiler":4,"minecraft:light_blue_banner":3,"minecraft:red_sand":1,"minecraft:polished_deepslate":1,"minecraft:melon":3,"create:piston_extension_pole":11,"minecraft:bone_block":4,"minecraft:oak_sign":92,"create:pulse_extender":13,"create:portable_storage_interface":19,"minecraft:white_concrete_powder":1,"minecraft:decorated_pot":4,"minecraft:zombie_spawn_egg":1,"create:sticker":1,"railways:copycat_headstock_link_and_pin":2,"minecraft:bell":4,"create:railway_casing":19,"create:cut_deepslate_bricks":3,"create:analog_lever":2,"minecraft:sculk_sensor":2,"create:mechanical_bearing":26,"minecraft:soul_campfire":3,"create:minecart_contraption":2,"createdeco:decal_cross":2,"create:cogwheel":171,"minecraft:nether_bricks":1,"minecraft:deepslate_tile_slab":8,"copycats:copycat_byte":66,"minecraft:tuff":1,"create:polished_cut_deepslate_slab":173,"betterend:tenanea_door":1,"create:metal_girder":266,"create:speedometer":6,"create:controller_rail":11,"copycats:copycat_layer":5,"minecraft:obsidian":172,"minecraft:polished_deepslate_stairs":10,"railways:fuel_tank":35,"minecraft:glass":358,"create:train_trapdoor":21,"railways:smokestack_caboosestyle":9,"minecraft:cyan_terracotta":1,"create:crafting_blueprint":53,"minecraft:lantern":18,"minecraft:warped_nylium":1,"railways:copycat_headstock_split_knuckle_coupler":3,"createdeco:red_industrial_iron_lamp":3,"minecraft:hopper_minecart":6,"extended_drawers:compacting_drawer":10,"minecraft:stone_bricks":92,"minecraft:bedrock":13,"minecraft:item_frame":19,"minecraft:spruce_hanging_sign":2,"create:experience_block":2,"minecraft:redstone_lamp":32,"minecraft:repeater":90,"create:linked_controller":24,"farmersdelight:cutting_board":2,"railways:track_acacia":1,"minecraft:hay_block":1,"minecraft:written_book":5,"create:mechanical_drill":8,"create:industrial_iron_block":210,"createdeco:blue_zinc_lamp":1,"minecraft:gold_block":8,"minecraft:skeleton_skull":4,"minecraft:polished_blackstone_stairs":11,"minecraft:dark_oak_stairs":6,"minecraft:end_rod":5,"railways:track_spruce":1,"createdeco:scarlet_bricks":47,"minecraft:dropper":1,"create:crushing_wheel":79,"minecraft:dark_oak_sign":4,"createdeco:brown_placard":3,"minecraft:oak_planks":8,"minecraft:polished_diorite_slab":9,"createdeco:gray_shipping_container":9,"minecraft:sandstone":49,"minecraft:redstone_block":101,"minecraft:sugar_cane":1,"create:mysterious_cuckoo_clock":20,"minecraft:calibrated_sculk_sensor":1,"create:copper_valve_handle":23,"create:mechanical_saw":37,"copycats:copycat_ghost_block":2,"minecraft:white_wool":52,"create:nozzle":5,"create:track_station":78,"create:flywheel":5,"minecraft:light_blue_concrete":80,"minecraft:loom":11,"railways:white_conductor_cap":1,"minecraft:yellow_concrete":79,"minecraft:note_block":27,"railways:red_conductor_cap":2,"minecraft:end_stone":28,"minecraft:redstone_torch":73,"minecraft:sticky_piston":40,"create:cut_scorchia_stairs":2,"minecraft:lever":83,"minecraft:black_concrete":177,"minecraft:firework_rocket":116,"minecraft:birch_fence_gate":2,"create:cut_diorite_brick_stairs":2,"copycats:copycat_beam":2,"minecraft:light_gray_concrete":119,"minecraft:barrier":1,"minecraft:string":12,"createrailwaysnavigator:advanced_display_panel":32,"create:potato_cannon":4,"extended_drawers:limiter":3,"create:andesite_casing":432,"copycats:copycat_stairs":3,"minecraft:gravel":4,"create:white_seat":4,"createdeco:magenta_shipping_container":14,"extended_drawers:t4_upgrade":13,"create:track_signal":128,"minecraft:grindstone":2,"create:andesite_scaffolding":9,"copycats:copycat_stone_button":25,"create:stressometer":37,"minecraft:chain":34,"create:framed_glass_door":45,"minecraft:smooth_stone_slab":36,"create:vertical_gearbox":73,"minecraft:white_concrete":8,"betterend:aeternium_axe":14,"create:andesite_bars":2,"railways:track_oak":1,"create:large_cogwheel":18,"minecraft:oak_fence":2,"create:clipboard":21,"railways:conductor_whistle":8,"minecraft:netherite_sword":5,"create:wooden_bracket":2,"railways:track_switch_brass":10,"create:item_vault":334,"minecraft:stone_shovel":3,"railways:conductor_vent":8,"minecraft:redstone":375,"minecraft:dried_kelp":4,"minecraft:spruce_planks":3,"minecraft:ender_chest":1,"copycats:copycat_catwalk":6,"minecraft:wooden_shovel":1,"extended_drawers:access_point":26,"copycats:copycat_door":3,"createdeco:decal_left":2,"create:mechanical_pump":27,"minecraft:dirt":42,"railways:red_plated_locometal":4,"create:andesite_door":18,"create:mechanical_mixer":14,"minecraft:white_carpet":5,"minecraft:hopper":32,"create:copper_casing":1,"create:attribute_filter":2,"create:redstone_contact":37,"minecraft:spruce_stairs":10,"create:copycat_panel":789,"create:netherite_backtank":1,"minecraft:shulker_box":20,"create:light_gray_seat":5,"minecraft:pink_dye":1,"railways:track_tieless":1,"minecraft:spruce_fence":19,"create:chute":106,"create:smart_chute":15,"minecraft:stone_brick_slab":14,"minecraft:dark_oak_planks":4,"minecraft:wooden_axe":4,"createdeco:purple_placard":1,"minecraft:light_gray_stained_glass":1,"create:metal_bracket":2,"create:vertical_framed_glass":7,"create:hose_pulley":5,"minecraft:crimson_slab":8,"create:brass_bars":1,"create:cart_assembler":3,"railways:track_warped":1,"create:brown_toolbox":18,"create:rose_quartz_block":1,"minecraft:yellow_concrete_powder":1,"minecraft:light_gray_wool":2,"farmersdelight:basket":2,"minecraft:black_stained_glass":36,"create:radial_chassis":10,"minecraft:emerald_block":6,"minecraft:minecart":22,"minecraft:horn_coral_block":1,"minecraft:stone_pressure_plate":50,"copycats:copycat_trapdoor":12,"minecraft:red_dye":10,"create:gantry_shaft":9,"minecraft:powder_snow_bucket":3,"minecraft:pumpkin":2,"create:gearshift":4,"create:cut_deepslate_brick_stairs":14,"railways:lime_conductor_cap":2,"betterend:menger_sponge_wet":6,"create_enchantment_industry:enchanting_guide":3,"minecraft:amethyst_block":1,"createdeco:decal_ice":1,"minecraft:jigsaw":2,"minecraft:snow_block":1,"minecraft:dark_oak_hanging_sign":2,"railways:track_blackstone":1,"minecraft:polished_andesite":29,"create:empty_blaze_burner":31,"create:train_door":55,"create:red_seat":36,"minecraft:white_dye":12,"minecraft:beacon":6,"minecraft:stonecutter":1,"minecraft:cobblestone_slab":3,"create:item_drain":30,"minecraft:glow_item_frame":56,"copycats:copycat_board":51,"create:cut_calcite_bricks":1,"railways:green_conductor_cap":5,"railways:portable_fuel_interface":7,"create:brass_funnel":199,"create:mechanical_harvester":59,"create:schematicannon":5,"minecraft:painting":13,"railways:track_birch":1,"create:sail_frame":6,"minecraft:cyan_stained_glass":18,"copycats:copycat_slice":9,"railways:buffer":6,"minecraft:piston":41,"create:linear_chassis":99,"minecraft:flower_pot":2,"createdeco:decal_no_entry":56,"minecraft:activator_rail":22,"create:mechanical_press":31,"createdeco:yellow_industrial_iron_lamp":32,"create:windmill_bearing":8,"railways:track_monorail":20,"createdeco:decal_down_left":8,"minecraft:netherite_axe":3,"minecraft:stone_slab":1,"minecraft:purple_dye":1,"create:large_water_wheel":3,"create:polished_cut_calcite_slab":3,"copycats:copycat_vertical_step":23,"create:cut_andesite_wall":1,"minecraft:white_banner":85,"minecraft:bucket":26,"minecraft:red_banner":8,"minecraft:lapis_block":2,"createdeco:decal_creeper":3,"create:creative_fluid_tank":7,"minecraft:wither_rose":4,"create:display_board":19,"create:hand_crank":7,"create:pulse_repeater":60,"copycats:copycat_vertical_slice":11,"minecraft:gray_wool":35,"minecraft:smooth_stone":1400,"minecraft:splash_potion":3},"minecraft:killed_by":{"minecraft:player":2},"minecraft:mined":{"minecraft:decorated_pot":1}},"DataVersion":3465}