{"stats":{"minecraft:crafted":{"vinery:apple_mash":0},"minecraft:picked_up":{"minecraft:wooden_axe":1,"betterend:gelatine":1,"minecraft:anvil":1,"create:metal_bracket":2,"minecraft:lead":2,"minecraft:oak_stairs":66,"create:wrench":18,"minecraft:wither_rose":2,"create:item_drain":2,"minecraft:enchanted_book":6,"create:bar_of_chocolate":1,"minecraft:golden_sword":1,"minecraft:string":1,"minecraft:sculk_shrieker":1,"farmersdelight:roast_chicken":26,"create:cart_assembler":1,"minecraft:gold_nugget":68,"minecraft:written_book":2,"farmersdelight:pumpkin_soup":2,"minecraft:hopper_minecart":1,"farmersdelight:ratatouille":17,"minecraft:composter":1,"create:andesite_casing":63,"createdeco:gold_coin":2,"create:wand_of_symmetry":1,"create:gantry_shaft":148,"minecraft:iron_block":128,"minecraft:carved_pumpkin":1,"farmersdelight:rope":1,"minecraft:netherite_chestplate":3,"minecraft:blaze_rod":158,"minecraft:snowball":196,"minecraft:birch_log":1,"minecraft:barrier":1,"minecraft:water_bucket":1,"minecraft:powder_snow_bucket":2,"farmersdelight:safety_net":2,"minecraft:flint":4,"farmersdelight:roast_chicken_block":1,"farmersdelight:sandy_shrub":1,"create:cinder_flour":182,"minecraft:netherite_leggings":2,"create:encased_chain_drive":69,"create:mechanical_plough":9,"railways:white_conductor_cap":1,"minecraft:hanging_roots":1,"farmersdelight:vegetable_soup":17,"create:goggles":1,"create:shaft":283,"create:placard":4,"create:empty_blaze_burner":1,"minecraft:dropper":64,"minecraft:birch_fence_gate":2,"create:copycat_panel":5,"create:steam_whistle":1,"minecraft:trapped_chest":1,"minecraft:barrel":3,"create:netherite_backtank":1,"minecraft:dispenser":256,"minecraft:black_concrete_powder":1,"minecraft:lever":75,"create:controller_rail":6,"create:framed_glass_door":65,"create:copper_valve_handle":1,"create:precision_mechanism":35,"create:copper_sheet":1,"minecraft:coarse_dirt":1190,"create:mechanical_piston":1,"minecraft:redstone_lamp":64,"create:handheld_worldshaper":4,"minecraft:heavy_weighted_pressure_plate":2,"create:fluid_pipe":6,"minecraft:flint_and_steel":1,"minecraft:white_stained_glass":64,"minecraft:white_carpet":7,"create:redstone_link":43,"farmersdelight:honey_glazed_ham":17,"farmersdelight:beef_patty":1,"minecraft:netherite_sword":4,"create:brass_funnel":71,"create:haunted_bell":1,"betterend:end_moss":1,"minecraft:iron_nugget":2591,"farmersdelight:noodle_soup":16,"minecraft:chest":253,"create:clutch":4,"minecraft:piston":6,"minecraft:black_stained_glass":3,"minecraft:stone":68225,"create:copper_backtank":1,"minecraft:redstone":34,"create:brass_casing":1,"create:vertical_gearbox":68,"minecraft:tnt":129,"create:depot":65,"minecraft:gold_ingot":16,"minecraft:totem_of_undying":8,"minecraft:mutton":1,"minecraft:white_wool":74,"minecraft:rail":474,"minecraft:stripped_oak_log":1,"minecraft:tripwire_hook":1,"create:framed_glass_trapdoor":1,"minecraft:ochre_froglight":2,"minecraft:oak_log":74242,"farmersdelight:shepherds_pie":16,"minecraft:ancient_debris":2048,"farmersdelight:stuffed_pumpkin":16,"minecraft:paper":64,"minecraft:white_banner":5,"minecraft:spawner":64,"create:crushing_wheel":13,"minecraft:apple":2,"farmersdelight:cooking_pot":1,"minecraft:kelp":257,"minecraft:glass_bottle":202,"minecraft:daylight_detector":14,"create:brass_nugget":2,"minecraft:gravel":1122,"create:schematic":4,"minecraft:spruce_log":129,"create:clockwork_bearing":1,"minecraft:dragon_egg":1,"minecraft:sea_lantern":1,"create:gearbox":3,"minecraft:oak_wood":3,"create:creative_motor":74,"farmersdelight:stuffed_potato":64,"create:smart_chute":70,"create:weighted_ejector":180,"minecraft:redstone_ore":2,"create:portable_storage_interface":1,"minecraft:oak_button":133,"minecraft:hopper":128,"create:nozzle":5,"minecraft:shulker_shell":1,"minecraft:redstone_block":64,"minecraft:calibrated_sculk_sensor":2,"minecraft:potion":66,"create:wooden_bracket":2,"minecraft:smooth_stone_slab":6,"minecraft:armor_stand":112,"minecraft:sticky_piston":23,"create:nixie_tube":1,"minecraft:oak_sign":18,"create:andesite_funnel":1,"minecraft:sea_pickle":3,"minecraft:activator_rail":4,"farmersdelight:fried_rice":17,"minecraft:tnt_minecart":4,"minecraft:comparator":4,"minecraft:red_dye":65,"create:sturdy_sheet":1,"minecraft:redstone_torch":18,"create:potato_cannon":1,"railways:track_monorail":1,"farmersdelight:pasta_with_meatballs":17,"vinery:jungle_grape_seeds_white":37,"minecraft:tipped_arrow":370,"createdeco:iron_coin":129,"createoreexcavation:drilling_machine":2,"create_enchantment_industry:disenchanter":3,"minecraft:torch":2,"minecraft:porkchop":35,"minecraft:dried_kelp":1126,"minecraft:target":1,"minecraft:diorite":2,"create:framed_glass":65,"create:large_cogwheel":1471,"minecraft:cactus":2,"minecraft:rotten_flesh":2,"minecraft:obsidian":68,"farmersdelight:beetroot_crate":1,"create:linked_controller":8,"minecraft:cobblestone":19081,"create:copycat_step":1,"minecraft:enchanting_table":4,"minecraft:repeater":11,"minecraft:andesite":2081,"create:belt_connector":65,"create:raw_zinc":1,"create:incomplete_precision_mechanism":47,"create:pulse_repeater":3,"minecraft:lapis_lazuli":1646,"minecraft:dirt":3018,"minecraft:glass":963,"minecraft:bone":49,"minecraft:bow":2,"minecraft:wheat_seeds":6,"farmersdelight:bone_broth":23,"create:flywheel":4,"minecraft:powered_rail":69,"minecraft:oak_planks":510,"farmersdelight:horse_feed":32,"extended_drawers:single_drawer":175,"minecraft:ghast_tear":38,"minecraft:pink_concrete":64,"create:cogwheel":1603,"create_enchantment_industry:enchanting_guide":19,"vinery:white_grape":1,"minecraft:sand":4919,"create:track_signal":1,"create:smart_fluid_pipe":1,"minecraft:grass_block":11523,"minecraft:diamond_block":460,"minecraft:shulker_box":70,"minecraft:jungle_leaves":1,"create:track_station":1,"minecraft:diamond":99,"create:filter":80,"minecraft:slime_block":67,"minecraft:netherite_helmet":2,"minecraft:soul_lantern":2,"minecraft:bone_meal":4,"minecraft:white_concrete":67,"minecraft:emerald":8,"minecraft:oak_sapling":141,"minecraft:netherrack":33,"minecraft:chorus_fruit":32,"create:white_sail":1,"farmersdelight:squid_ink_pasta":13,"minecraft:fishing_rod":2,"minecraft:allium":1,"create:crafter_slot_cover":2,"minecraft:brown_mushroom":2,"railways:red_conductor_cap":1,"minecraft:gold_block":72,"create:mechanical_harvester":2,"minecraft:oak_trapdoor":65,"create:gantry_carriage":71,"create:chute":2,"minecraft:item_frame":1,"minecraft:birch_fence":1,"minecraft:detector_rail":3,"minecraft:oak_boat":10,"minecraft:player_head":2,"create:basin":1,"minecraft:observer":768,"minecraft:sugar_cane":4802,"create:pulse_extender":1,"minecraft:spruce_trapdoor":2,"create:linear_chassis":6,"farmersdelight:kelp_roll_slice":64,"create:sequenced_gearshift":9,"minecraft:music_disc_relic":2,"create:golden_sheet":1551,"minecraft:bowl":1,"farmersdelight:dog_food":18,"create:hand_crank":12,"farmersdelight:fish_stew":16,"minecraft:trident":1,"create:deployer":7,"minecraft:blue_concrete_powder":1,"create:controls":1,"minecraft:arrow":37,"create:secondary_linear_chassis":4,"farmersdelight:mushroom_rice":11,"farmersdelight:bacon_sandwich":56,"farmersdelight:wild_carrots":2,"create:empty_schematic":1,"minecraft:netherite_boots":2,"vinery:jungle_grape_seeds_red":60,"minecraft:birch_planks":1,"minecraft:bedrock":1,"create:andesite_alloy":762,"minecraft:gunpowder":123,"farmersdelight:pasta_with_mutton_chop":13,"minecraft:wooden_hoe":3,"create:item_vault":194,"createoreexcavation:raw_diamond":10,"extended_drawers:creative_upgrade":31425,"farmersdelight:honey_glazed_ham_block":1,"minecraft:iron_ingot":12,"minecraft:cooked_chicken":1,"minecraft:stripped_oak_wood":1,"minecraft:scaffolding":1,"minecraft:oak_slab":64,"create:mechanical_bearing":13,"create:large_water_wheel":1,"create:attribute_filter":10,"minecraft:dandelion":8,"minecraft:lava_bucket":1,"create:brass_tunnel":27,"minecraft:spruce_door":1,"create:sail_frame":1,"farmersdelight:roasted_mutton_chops":18,"minecraft:sculk_sensor":1,"create:brass_ingot":1,"create:encased_fan":64,"createoreexcavation:netherite_drill":1,"farmersdelight:stove":1},"minecraft:dropped":{"farmersdelight:noodle_soup":17,"minecraft:piston":1860,"betterend:terminite_slab":1,"minecraft:lapis_lazuli":3,"minecraft:oak_pressure_plate":2,"minecraft:glass_bottle":67,"minecraft:diamond":143,"createrailwaysnavigator:advanced_display_block":1,"minecraft:crafting_table":1,"create:layered_tuff":1,"vinery:chair":1,"farmersdelight:cooked_rice":16,"vinery:white_grape_seeds":2,"create:incomplete_precision_mechanism":1,"create:cogwheel":513,"create:sequenced_gearshift":1,"farmersdelight:chicken_cuts":2,"create:fluid_tank":1,"farmersdelight:stuffed_potato":1,"createdeco:zinc_ladder":1,"create:large_water_wheel":1,"minecraft:rail":5,"farmersdelight:beef_patty":2,"minecraft:item_frame":1,"minecraft:light_weighted_pressure_plate":4,"minecraft:emerald":79,"createoreexcavation:diamond_drill":2,"minecraft:dirt":1159,"minecraft:stone_button":1,"minecraft:black_stained_glass_pane":1,"minecraft:conduit":1,"create:copper_backtank":3,"minecraft:tnt_minecart":4,"minecraft:netherite_boots":1,"create:haunted_bell":1,"minecraft:gold_nugget":196,"farmersdelight:wild_rice":1,"farmersdelight:steak_and_potatoes":16,"minecraft:sand":3985,"farmersdelight:pasta_with_mutton_chop":29,"minecraft:fishing_rod":1,"minecraft:white_wool":66,"extended_drawers:single_drawer":129,"create:track_signal":1,"minecraft:end_crystal":2,"farmersdelight:pumpkin_soup":32,"minecraft:bone":49,"minecraft:sugar_cane":1,"minecraft:lever":4,"minecraft:cooked_chicken":386,"create:windmill_bearing":1,"minecraft:detector_rail":4,"minecraft:netherite_sword":2,"minecraft:obsidian":131,"railways:track_cherry":1,"minecraft:rotten_flesh":2,"minecraft:grindstone":2,"minecraft:oak_planks":2,"minecraft:enchanted_golden_apple":64,"vinery:red_grape_crate":1,"create:potato_cannon":2,"create:creative_crate":1,"createrailwaysnavigator:advanced_display_small":1,"create:white_sail":3,"minecraft:sea_lantern":1,"create:bar_of_chocolate":1,"create:encased_fan":1,"create:brown_toolbox":1,"createdeco:brass_sheet_metal":1,"minecraft:heavy_weighted_pressure_plate":4,"farmersdelight:honey_glazed_ham_block":2,"minecraft:honey_block":1,"create:wrench":16,"minecraft:ladder":1,"create:wand_of_symmetry":3,"farmersdelight:bacon_and_eggs":16,"farmersdelight:rope":1,"create:track_station":1,"minecraft:glass":70,"minecraft:beef":2,"minecraft:crying_obsidian":1,"minecraft:ghast_tear":2,"farmersdelight:honey_glazed_ham":17,"minecraft:lectern":1,"create:basin":2,"create:mechanical_mixer":1,"minecraft:enchanted_book":9,"minecraft:iron_ingot":1,"create:attribute_filter":69,"minecraft:wheat_seeds":2,"minecraft:clock":7,"minecraft:sculk_shrieker":2,"minecraft:tnt":130,"createoreexcavation:drilling_machine":3,"createoreexcavation:drill":1,"createdeco:iron_coin":1,"minecraft:netherite_chestplate":2,"minecraft:netherite_helmet":1,"create:brass_nugget":2,"minecraft:oak_fence":8,"minecraft:barrier":3,"minecraft:cobblestone":153,"railways:purple_conductor_cap":2,"minecraft:apple":2,"create:precision_mechanism":23,"minecraft:spruce_door":1,"vinery:jungle_grape_seeds_red":2,"extended_drawers:dupe_wand":1,"betterend:terminite_leggings":1,"minecraft:lava_bucket":2,"vinery:apple_log":1,"railways:blue_conductor_cap":1,"railways:lime_conductor_cap":2,"create:diorite_pillar":1,"create:handheld_worldshaper":6,"minecraft:lodestone":1,"minecraft:wooden_axe":7,"create:item_drain":3,"vinery:cherry_wood":1,"minecraft:potion":3,"railways:pink_iron_wrapped_locometal_boiler":2,"minecraft:oak_stairs":131,"create:metal_bracket":1,"minecraft:red_dye":65,"createdeco:gold_coin":1,"createdeco:zinc_window":1,"create:mechanical_plough":2,"farmersdelight:roast_chicken_block":2,"farmersdelight:sandy_shrub":1,"minecraft:paper":927,"minecraft:string":66,"minecraft:trapped_chest":1,"vinery:cherry":1,"create:sand_paper":1,"create:raw_zinc":1,"createdeco:blue_iron_lamp":1,"create:smart_fluid_pipe":1,"create:andesite_door":1,"minecraft:furnace":1,"create:brass_funnel":58,"minecraft:redstone_ore":3,"minecraft:player_head":2,"farmersdelight:dog_food":20,"minecraft:smooth_stone_slab":6,"betterend:endstone_dust":1,"minecraft:sticky_piston":4,"farmersdelight:kelp_roll_slice":1,"create:rose_quartz_lamp":1,"minecraft:chicken":2,"minecraft:white_carpet":6,"vinery:cherry_wine_rack_mid":1,"farmersdelight:beef_stew":3,"minecraft:slime_block":1,"minecraft:structure_block":1,"create:mechanical_pump":1,"farmersdelight:roast_chicken":19,"create:copper_sheet":1,"minecraft:oak_sign":16,"railways:cyan_conductor_cap":1,"vinery:white_grape":2,"minecraft:target":2,"create:sail_frame":1,"create:item_vault":196,"railways:brass_wrapped_locometal_boiler":1,"minecraft:shroomlight":1,"create:creative_fluid_tank":5,"minecraft:allium":2,"minecraft:powder_snow_bucket":21,"createdeco:light_gray_placard":1,"minecraft:spruce_trapdoor":2,"create_enchantment_industry:ink_bucket":1,"farmersdelight:horse_feed":49,"farmersdelight:chicken_soup":32,"create:hand_crank":1,"minecraft:carved_pumpkin":1,"minecraft:redstone_torch":74,"minecraft:barrel":6,"farmersdelight:stove":1,"vinery:red_grape":2,"farmersdelight:mushroom_rice":27,"create:brass_casing":1,"minecraft:bow":2,"minecraft:bell":1,"minecraft:black_wool":64,"create:andesite_funnel":1,"minecraft:shulker_spawn_egg":1,"minecraft:daylight_detector":14,"create:belt_connector":6,"railways:light_gray_conductor_cap":1,"create:vertical_gearbox":65,"create:super_glue":2,"minecraft:brown_mushroom":2,"minecraft:birch_planks":1,"railways:light_gray_locometal_smokebox":1,"minecraft:oak_log":67,"railways:light_blue_conductor_cap":3,"minecraft:loom":1,"minecraft:ender_pearl":7,"createrailwaysnavigator:navigator":1,"createrailwaysnavigator:train_station_clock":1,"minecraft:green_shulker_box":1,"create:filter":77,"create:steam_whistle":1,"minecraft:red_wool":64,"vinery:rotten_cherry":1,"minecraft:bedrock":64,"farmersdelight:stuffed_pumpkin":33,"minecraft:structure_void":1,"createdeco:copper_bars":1,"create:waxed_copper_shingle_slab":1,"create:linear_chassis":1,"createrailwaysnavigator:advanced_display_panel":1,"create:clockwork_bearing":1,"vinery:apple_wood":1,"betterend:gelatine":1,"minecraft:dispenser":256,"minecraft:mutton":1,"farmersdelight:safety_net":2,"create:framed_glass_door":128,"railways:red_conductor_cap":4,"railways:green_conductor_cap":1,"minecraft:furnace_minecart":1,"create:large_cogwheel":1,"minecraft:stripped_oak_wood":1,"create:portable_storage_interface":1,"create_enchantment_industry:enchanting_guide":7,"minecraft:birch_log":1,"minecraft:black_stained_glass":3,"createrailwaysnavigator:advanced_display_sloped":1,"minecraft:cauldron":1,"create:crafter_slot_cover":2,"vinery:red_grape_seeds":2,"minecraft:gravel":707,"vinery:wine_press":64,"minecraft:spyglass":1,"minecraft:soul_lantern":4,"farmersdelight:vegetable_noodles":16,"create:smart_chute":6,"minecraft:cooked_mutton":1,"create:controls":1,"createdeco:copper_coinstack":1,"minecraft:birch_fence_gate":2,"create:schematic":10,"minecraft:shulker_shell":2,"vinery:savanna_grape_seeds_white":2,"minecraft:soul_campfire":64,"create:framed_glass_trapdoor":2,"create:creative_motor":14,"minecraft:gunpowder":50,"minecraft:ochre_froglight":5,"minecraft:oak_wood":3,"minecraft:dropper":64,"railways:track_create_andesite_narrow":1,"minecraft:chest":70,"create:brass_ingot":1,"create:copycat_panel":4,"create:depot":1,"create:pulse_extender":1,"minecraft:powered_rail":3,"minecraft:arrow":101,"railways:track_monorail":1,"create:mechanical_harvester":2,"farmersdelight:ratatouille":20,"minecraft:scaffolding":2,"farmersdelight:fish_stew":32,"create:andesite_alloy":207,"minecraft:enchanting_table":69,"minecraft:netherrack":658,"railways:gray_conductor_cap":3,"createoreexcavation:extractor":1,"farmersdelight:squid_ink_pasta":45,"createoreexcavation:vein_finder":2,"createoreexcavation:raw_emerald":2,"minecraft:water_bucket":2,"minecraft:oak_slab":128,"create:cut_veridium_brick_stairs":1,"minecraft:smithing_table":2,"minecraft:minecart":2,"farmersdelight:bacon_sandwich":120,"minecraft:lead":22,"create:chute":2,"create:weighted_ejector":2,"betterend:end_moss":1,"railways:yellow_conductor_cap":2,"minecraft:observer":129,"create_enchantment_industry:disenchanter":3,"createdeco:iron_catwalk_railing":1,"minecraft:amethyst_block":1,"farmersdelight:wild_carrots":2,"minecraft:activator_rail":4,"minecraft:chiseled_bookshelf":1,"minecraft:grass_block":391,"create:nozzle":3,"railways:orange_conductor_cap":1,"minecraft:calibrated_sculk_sensor":3,"minecraft:stick":65,"farmersdelight:fried_rice":36,"betterend:chorus_nylium":1,"create:cinder_flour":1,"minecraft:iron_block":64,"vinery:white_grape_crate":1,"create:clipboard":1,"minecraft:pearlescent_froglight":1,"minecraft:milk_bucket":1,"create:extendo_grip":4,"minecraft:brewing_stand":1,"farmersdelight:cooking_pot":1,"minecraft:repeater":2,"minecraft:light_blue_wool":64,"minecraft:white_concrete":3,"create:sturdy_sheet":1,"farmersdelight:beetroot_crate":1,"createrailwaysnavigator:advanced_display_half_panel":1,"minecraft:fire_charge":1,"create:piston_extension_pole":1,"minecraft:jungle_leaves":1,"create:blaze_cake":64,"minecraft:tripwire_hook":66,"minecraft:bucket":65,"create:pulse_repeater":3,"farmersdelight:shepherds_pie":17,"vinery:jungle_grapes_red":1,"create:nixie_tube":1,"minecraft:redstone_block":5,"minecraft:jigsaw":65,"minecraft:dandelion":6,"minecraft:redstone":195,"farmersdelight:wild_beetroots":2,"farmersdelight:pasta_with_meatballs":17,"minecraft:red_concrete":2,"railways:purple_brass_wrapped_locometal_boiler":1,"minecraft:anvil":65,"minecraft:kelp":2753,"minecraft:sweet_berries":1,"railways:track_oak_narrow":1,"create:schematic_table":65,"minecraft:oak_trapdoor":127,"create:shaft":44,"minecraft:blaze_rod":1,"create:linked_controller":19,"create:encased_chain_drive":6,"minecraft:composter":1,"minecraft:sculk_sensor":2,"vinery:jungle_grapes_white":1,"create:andesite_tunnel":1,"minecraft:smoker":1,"minecraft:comparator":5,"farmersdelight:baked_cod_stew":32,"farmersdelight:vegetable_soup":35,"minecraft:stripped_oak_log":1,"minecraft:ender_eye":34,"create:rotation_speed_controller":5,"createoreexcavation:netherite_drill":2,"create:netherite_backtank":3,"minecraft:totem_of_undying":2,"farmersdelight:roasted_mutton_chops":20,"minecraft:shulker_box":45,"railways:track_crimson_wide":1,"create:schematic_and_quill":2,"farmersdelight:chicken_sandwich":2,"minecraft:netherite_leggings":1,"minecraft:flint_and_steel":4,"railways:track_acacia_narrow":1,"createoreexcavation:raw_redstone":1,"vinery:taiga_grapes_red":1,"railways:black_conductor_cap":2,"minecraft:oak_button":195,"minecraft:black_concrete_powder":1,"create:redstone_link":1,"vinery:wine_rack_1":1,"create:red_sand_paper":1,"create:radial_chassis":1,"minecraft:dragon_egg":66,"minecraft:andesite":1803,"createrailwaysnavigator:advanced_display":1,"createdeco:andesite_bars":4,"minecraft:oak_boat":10,"minecraft:oak_sapling":207,"farmersdelight:bone_broth":17,"farmersdelight:minced_beef":2,"minecraft:golden_sword":1,"minecraft:spruce_log":5,"minecraft:beacon":1,"create:gantry_carriage":2,"create:framed_glass":128,"create:chocolate_bucket":1,"createdeco:decal_electrical":1,"minecraft:white_stained_glass":66,"create:empty_blaze_burner":1,"create:golden_sheet":65},"minecraft:custom":{"minecraft:interact_with_crafting_table":3,"minecraft:open_barrel":83,"minecraft:bell_ring":166,"minecraft:leave_game":170,"minecraft:time_since_death":115570,"minecraft:play_time":6697845,"minecraft:deaths":73,"minecraft:jump":15359,"minecraft:play_record":3,"minecraft:damage_dealt":20621,"minecraft:use_cauldron":16,"minecraft:inspect_dispenser":60,"minecraft:inspect_dropper":14,"minecraft:interact_with_anvil":14,"minecraft:inspect_hopper":66,"minecraft:sneak_time":82251,"minecraft:interact_with_lectern":2,"minecraft:total_world_time":6697845,"minecraft:tune_noteblock":264,"minecraft:interact_with_stonecutter":1,"minecraft:time_since_rest":115597,"minecraft:swim_one_cm":6905,"minecraft:fly_one_cm":17061595,"minecraft:open_chest":267,"minecraft:fall_one_cm":1254611,"minecraft:open_shulker_box":35,"minecraft:damage_resisted":34,"minecraft:sprint_one_cm":1882603,"minecraft:drop":2493,"minecraft:talked_to_villager":10,"minecraft:walk_on_water_one_cm":155583,"minecraft:player_kills":4,"minecraft:crouch_one_cm":32166,"minecraft:mob_kills":256,"minecraft:fill_cauldron":5,"minecraft:climb_one_cm":14187,"minecraft:walk_one_cm":2921011,"minecraft:walk_under_water_one_cm":82222,"minecraft:boat_one_cm":2570,"minecraft:pot_flower":1,"minecraft:damage_taken":136034,"minecraft:damage_absorbed":24,"minecraft:trigger_trapped_chest":3,"minecraft:minecart_one_cm":266290,"minecraft:aviate_one_cm":1279},"minecraft:killed":{"minecraft:shulker":6,"minecraft:skeleton":4,"minecraft:iron_golem":1,"minecraft:evoker":7,"minecraft:snow_golem":6,"betterend:cubozoa":1,"minecraft:illusioner":8,"minecraft:creeper":5,"minecraft:ghast":142,"minecraft:blaze":8,"minecraft:player":2},"minecraft:used":{"betterend:helix_tree_sapling":1,"minecraft:moss_block":8,"createoreexcavation:drilling_machine":19,"create:deployer":202,"minecraft:writable_book":3,"create:brass_casing":5,"minecraft:dispenser":44,"minecraft:poppy":11,"vinery:calendar":1,"minecraft:chest":225,"minecraft:stone":9,"minecraft:quartz_stairs":5,"minecraft:farmland":85,"createdeco:brass_coinstack":1,"create:fluid_tank":330,"minecraft:soul_sand":103,"create:white_sail":687,"create:mechanical_crafter":133,"railways:benchcart":2,"minecraft:acacia_sapling":1,"farmersdelight:steak_and_potatoes":1,"create:creative_crate":41,"create:depot":161,"create:framed_glass_pane":1,"minecraft:snowball":204,"minecraft:warden_spawn_egg":4,"minecraft:jungle_sapling":1,"createrailwaysnavigator:advanced_display_small":1,"create:controls":3,"minecraft:packed_ice":5,"minecraft:honey_block":2,"minecraft:lava_bucket":323,"minecraft:netherite_shovel":2,"minecraft:villager_spawn_egg":7,"betterend:aeternium_sword":35,"minecraft:red_wool":4,"minecraft:black_stained_glass_pane":1,"minecraft:grass_block":742,"create:rose_quartz_lamp":117,"minecraft:birch_sapling":1,"betterend:elytra_crystalite":1,"vinery:wine_box":1,"minecraft:stone_brick_stairs":1,"create:rope_pulley":12,"create:andesite_funnel":79,"minecraft:netherite_boots":2,"create:polished_cut_calcite":2,"minecraft:bow":66,"create:rotation_speed_controller":89,"create:stockpile_switch":39,"create:shaft":997,"minecraft:sweet_berries":5,"create:steam_engine":48,"minecraft:furnace":1,"minecraft:oak_sapling":10,"create:sequenced_gearshift":35,"minecraft:dragon_head":7,"minecraft:magenta_shulker_box":3,"minecraft:spider_spawn_egg":1,"minecraft:damaged_anvil":1,"minecraft:powered_rail":272,"minecraft:cactus":27,"minecraft:composter":14,"minecraft:oak_leaves":19,"minecraft:smooth_quartz_stairs":4,"create:spout":10,"minecraft:sand":88,"farmersdelight:tatami":1,"minecraft:netherite_helmet":3,"create:placard":14,"minecraft:gray_concrete":35,"minecraft:crimson_fence_gate":24,"minecraft:lightning_rod":1,"create:display_link":58,"minecraft:crying_obsidian":4,"minecraft:white_glazed_terracotta":13,"create:contraption_controls":1,"minecraft:oak_pressure_plate":8,"create:adjustable_chain_gearshift":3,"minecraft:soul_lantern":1,"create:powered_toggle_latch":5,"createrailwaysnavigator:advanced_display_block":32,"create:basin":41,"vinery:apple_leaves":53,"minecraft:white_stained_glass":399,"minecraft:ice":1,"minecraft:oak_boat":9,"minecraft:oak_hanging_sign":1,"vinery:apple_log":5,"minecraft:oak_trapdoor":13,"create:framed_glass":221,"create_enchantment_industry:disenchanter":29,"minecraft:iron_bars":5,"create:weighted_ejector":39,"create:brass_door":2,"minecraft:enchanting_table":14,"create:schematic_table":58,"minecraft:carved_pumpkin":4,"minecraft:red_concrete":2,"minecraft:armor_stand":9,"railways:gray_conductor_cap":1,"betterend:flavolite":2,"create:sticky_mechanical_piston":15,"minecraft:wither_skeleton_spawn_egg":7,"createdeco:netherite_coinstack":1,"minecraft:structure_block":10,"minecraft:netherrack":16,"minecraft:bee_spawn_egg":20,"minecraft:torch":1,"minecraft:dragon_egg":66,"create:brass_scaffolding":8,"create:turntable":2,"minecraft:anvil":14,"minecraft:target":16,"minecraft:wheat":111,"railways:locometal_boiler":1,"minecraft:oak_fence_gate":8,"farmersdelight:kelp_roll":1,"vinery:dirt_slab":13,"create:tree_fertilizer":42,"minecraft:sea_lantern":65,"minecraft:birch_chest_boat":2,"create:wrench":1115,"create:gearbox":172,"minecraft:iron_block":17,"minecraft:rooted_dirt":17,"minecraft:slime_block":62,"minecraft:spawner":90,"create:copycat_step":26,"minecraft:chicken_spawn_egg":5,"betterend:endstone_dust":9,"create:creative_motor":292,"minecraft:barrel":10,"minecraft:blaze_spawn_egg":90,"minecraft:tadpole_bucket":1,"create:encased_chain_drive":661,"minecraft:glowstone":1,"create:gantry_carriage":43,"minecraft:iron_trapdoor":2,"farmersdelight:cooking_pot":2,"create:fluid_pipe":225,"minecraft:trapped_chest":5,"create:fluid_valve":9,"create:content_observer":33,"farmersdelight:squid_ink_pasta":1,"minecraft:observer":84,"create:belt_connector":411,"create:smart_fluid_pipe":5,"create:wand_of_symmetry":28,"farmersdelight:roast_chicken_block":18,"minecraft:calcite":2,"minecraft:water_bucket":517,"createrailwaysnavigator:advanced_display_sloped":1,"extended_drawers:single_drawer":64,"minecraft:dirt_path":16,"farmersdelight:honey_glazed_ham_block":9,"create:brass_tunnel":37,"create:nixie_tube":2,"minecraft:cauldron":15,"create:framed_glass_trapdoor":27,"create:blaze_burner":44,"minecraft:snow_golem_spawn_egg":95,"minecraft:pink_concrete":64,"minecraft:diamond_block":400,"minecraft:comparator":24,"minecraft:rail":517,"create:encased_fan":249,"createdeco:yellow_placard":2,"minecraft:tnt":90,"minecraft:oak_slab":66,"minecraft:crafting_table":5,"minecraft:birch_sign":5,"minecraft:white_bed":3,"minecraft:campfire":5,"create:filter":8,"create:secondary_linear_chassis":5,"minecraft:oak_log":26,"create:track":3,"minecraft:ender_eye":29,"railways:jukeboxcart":2,"minecraft:ghast_spawn_egg":160,"create:andesite_ladder":2,"minecraft:mangrove_propagule":1,"minecraft:oak_button":26,"minecraft:pig_spawn_egg":44,"minecraft:tnt_minecart":15221,"create:water_wheel":16,"create_enchantment_industry:ink_bucket":6,"create:mechanical_arm":470,"minecraft:spruce_sapling":1,"createrailwaysnavigator:advanced_display":1,"minecraft:cobblestone":12,"minecraft:potion":5,"create:powered_latch":10,"minecraft:glass_pane":26,"vinery:apple_tree_sapling":46,"minecraft:end_portal_frame":38,"create:clutch":121,"minecraft:stripped_oak_log":6,"create:elevator_pulley":14,"create:redstone_link":258,"minecraft:dandelion":5,"minecraft:cherry_sapling":1,"create:piston_extension_pole":67,"minecraft:oak_sign":49,"create:pulse_extender":10,"create:portable_storage_interface":13,"extended_drawers:creative_upgrade":2,"minecraft:decorated_pot":1,"farmersdelight:stove":2,"minecraft:zombie_spawn_egg":4,"create:haunted_bell":3,"create:sticker":13,"minecraft:bell":1,"create:railway_casing":73,"minecraft:soul_campfire":5,"minecraft:sculk_sensor":2,"create:mechanical_bearing":60,"create:clockwork_bearing":1,"create:cogwheel":359,"minecraft:nether_bricks":6,"minecraft:cyan_wool":10,"create:controller_rail":136,"create:speedometer":1,"betterend:crystalite_leggings":1,"minecraft:milk_bucket":11,"minecraft:obsidian":356,"create_enchantment_industry:printer":9,"railways:fuel_tank":7,"minecraft:glass":1493,"minecraft:quartz_slab":37,"create:millstone":24,"minecraft:hopper_minecart":60,"minecraft:stone_bricks":4,"minecraft:item_frame":35,"minecraft:bedrock":375,"minecraft:redstone_lamp":75,"minecraft:repeater":129,"create:andesite_pillar":12,"create:linked_controller":156,"farmersdelight:cutting_board":1,"railways:track_acacia":5,"minecraft:scaffolding":4,"minecraft:written_book":5,"create:mechanical_piston":5,"createdeco:copper_coinstack":1,"create:mechanical_drill":40,"create:industrial_iron_block":33,"minecraft:dark_oak_sapling":1,"create:crushing_wheel":72,"farmersdelight:netherite_knife":1,"minecraft:dropper":5,"minecraft:wither_skeleton_skull":62,"minecraft:oak_planks":16,"minecraft:ender_pearl":6,"minecraft:redstone_block":135,"minecraft:structure_void":3,"minecraft:sugar_cane":891,"railways:brass_wrapped_locometal":4,"create:copper_valve_handle":6,"create:mechanical_saw":39,"minecraft:white_wool":152,"create:nozzle":63,"create:flywheel":14,"minecraft:netherite_leggings":2,"create:track_station":6,"minecraft:light_blue_wool":2,"railways:white_conductor_cap":1,"farmersdelight:stuffed_pumpkin":1,"minecraft:sponge":2,"minecraft:lingering_potion":45,"minecraft:note_block":32,"minecraft:shulker_spawn_egg":960,"railways:red_conductor_cap":6,"minecraft:end_stone":1,"minecraft:redstone_torch":203,"minecraft:sticky_piston":58,"railways:slashed_locometal":20,"minecraft:lever":84,"minecraft:hoglin_spawn_egg":7,"minecraft:firework_rocket":86,"createdeco:gold_coinstack":16,"minecraft:light_gray_concrete":3,"minecraft:barrier":39,"createrailwaysnavigator:advanced_display_panel":1,"create:peculiar_bell":8,"create:andesite_casing":533,"create:white_seat":2,"minecraft:jungle_sign":1,"betterend:crystalite_boots":1,"extended_drawers:t4_upgrade":1,"create:framed_glass_door":2,"create:chocolate_bucket":7,"create:vertical_gearbox":172,"minecraft:chorus_plant":63,"create:andesite_scaffolding":12,"create:large_cogwheel":133,"minecraft:white_concrete":661,"minecraft:experience_bottle":93,"minecraft:chain":6,"create:stressometer":22,"minecraft:cobweb":2,"minecraft:smooth_stone_slab":23,"minecraft:coarse_dirt":21,"minecraft:bone_meal":182,"minecraft:air":4,"minecraft:tropical_fish_bucket":2,"minecraft:oak_fence":3,"create:clipboard":4,"betterend:thallasium_slab":14,"betterend:crystalite_chestplate":1,"minecraft:netherite_sword":381,"minecraft:trident":14,"minecraft:jungle_leaves":61,"minecraft:flint_and_steel":157,"create:wooden_bracket":3,"create:item_vault":1231,"minecraft:redstone":344,"minecraft:spruce_planks":1,"minecraft:cooked_chicken":4,"create:mechanical_pump":231,"minecraft:dirt":284,"create:andesite_door":1,"create:mechanical_mixer":9,"minecraft:white_carpet":4,"minecraft:hopper":96,"create:copper_casing":3,"vinery:wine_press":1,"create:copycat_panel":237,"create:mechanical_plough":44,"minecraft:shulker_box":91,"minecraft:bee_nest":23,"minecraft:salmon_bucket":1,"minecraft:light_blue_stained_glass":74,"create:chute":261,"create:smart_chute":74,"minecraft:ravager_spawn_egg":4,"betterend:bucket_cubozoa":3,"minecraft:oak_stairs":32,"create:metal_bracket":8,"create:hose_pulley":10,"create:cart_assembler":25,"create:brown_toolbox":3,"minecraft:magma_cube_spawn_egg":2,"minecraft:light_gray_wool":1,"farmersdelight:basket":1,"minecraft:black_stained_glass":2,"create:radial_chassis":11,"betterend:amber_moss":1,"minecraft:netherite_pickaxe":3,"minecraft:minecart":161,"minecraft:stone_pressure_plate":1,"railways:magenta_locometal_boiler":5,"minecraft:zombified_piglin_spawn_egg":62,"minecraft:powder_snow_bucket":1,"create:gantry_shaft":1181,"create:gearshift":14,"create:honey_bucket":1,"create_enchantment_industry:enchanting_guide":17,"create:handheld_worldshaper":2,"minecraft:jigsaw":3,"minecraft:snow_block":2,"farmersdelight:skillet":1,"minecraft:netherite_chestplate":2,"minecraft:glass_bottle":9,"create:empty_blaze_burner":29,"minecraft:polished_andesite":12,"create:train_door":3,"minecraft:iron_golem_spawn_egg":22,"create_enchantment_industry:hyper_experience_bottle":7,"minecraft:stonecutter":1,"create:item_drain":116,"betterend:crystalite_helmet":1,"betterend:spawn_egg_shadow_walker":1,"create:brass_funnel":450,"create:mechanical_harvester":117,"create:schematicannon":19,"createrailwaysnavigator:advanced_display_half_panel":1,"create:sail_frame":4,"create:linear_chassis":191,"betterend:bucket_end_fish":2,"minecraft:piston":118,"minecraft:wooden_hoe":1,"minecraft:activator_rail":16,"minecraft:black_wool":5,"create:mechanical_press":4,"minecraft:command_block":1,"create:windmill_bearing":26,"railways:track_monorail":56,"betterend:lucernia_chest":1,"minecraft:detector_rail":16,"create:large_water_wheel":5,"minecraft:fishing_rod":10,"createoreexcavation:vein_finder":1,"minecraft:end_crystal":26,"minecraft:white_banner":4,"minecraft:bucket":8,"create:display_board":41,"create:creative_fluid_tank":61,"minecraft:wither_rose":6,"create:hand_crank":72,"minecraft:sea_pickle":16,"create:pulse_repeater":31,"minecraft:smooth_stone":192,"minecraft:splash_potion":12,"minecraft:soul_torch":2},"minecraft:killed_by":{"minecraft:vex":2,"minecraft:rabbit":1,"minecraft:creeper":1,"minecraft:blaze":1,"minecraft:player":5},"minecraft:mined":{"minecraft:piston":2,"minecraft:sea_lantern":1,"minecraft:grass_block":1,"minecraft:slime_block":2,"minecraft:redstone_torch":1}},"DataVersion":3465}