{"stats":{"minecraft:killed_by":{"minecraft:player":1},"minecraft:custom":{"minecraft:time_since_rest":9129257,"minecraft:damage_dealt":22696,"minecraft:walk_one_cm":7913,"minecraft:leave_game":9,"minecraft:play_time":9132061,"minecraft:damage_taken":301,"minecraft:time_since_death":9129257,"minecraft:deaths":1,"minecraft:total_world_time":9132061,"minecraft:mob_kills":203,"minecraft:fly_one_cm":68415},"minecraft:picked_up":{"minecraft:ghast_tear":4,"minecraft:gunpowder":9,"minecraft:dandelion":2},"minecraft:used":{"minecraft:netherite_sword":436,"minecraft:tnt_minecart":726,"minecraft:ghast_spawn_egg":101},"minecraft:killed":{"minecraft:zombified_piglin":28,"minecraft:ghast":175}},"DataVersion":3465}