{"stats":{"minecraft:custom":{"minecraft:time_since_rest":90862,"minecraft:sprint_one_cm":1020,"minecraft:play_time":90862,"minecraft:walk_one_cm":59410,"minecraft:sneak_time":624,"minecraft:drop":2,"minecraft:jump":130,"minecraft:leave_game":7,"minecraft:walk_on_water_one_cm":167,"minecraft:time_since_death":90862,"minecraft:total_world_time":90862,"minecraft:fly_one_cm":251519},"minecraft:dropped":{"create:brass_casing":2},"minecraft:used":{"minecraft:stone_brick_stairs":72,"minecraft:glass":2,"create:horizontal_framed_glass_pane":8,"create:brass_casing":66,"create:copper_casing":10,"minecraft:light_gray_concrete":42,"create:item_vault":37,"minecraft:red_concrete":59,"create:mechanical_harvester":1,"create:train_door":2,"minecraft:glass_pane":33,"minecraft:smooth_stone_slab":2,"minecraft:white_concrete":114,"create:framed_glass_pane":14,"create:andesite_casing":11,"create:framed_glass_trapdoor":2},"minecraft:picked_up":{"create:placard":2,"create:cart_assembler":1,"create:flywheel":5,"create:brass_casing":2}},"DataVersion":3465}