{"stats":{"minecraft:custom":{"minecraft:jump":112,"minecraft:open_chest":1,"minecraft:time_since_rest":15861,"minecraft:crouch_one_cm":208,"minecraft:leave_game":1,"minecraft:sprint_one_cm":19433,"minecraft:play_time":15861,"minecraft:time_since_death":15861,"minecraft:walk_one_cm":10932,"minecraft:sneak_time":265,"minecraft:total_world_time":15861,"minecraft:fly_one_cm":170038},"minecraft:used":{"minecraft:gray_concrete":1,"minecraft:light_gray_concrete":2,"create:schematic_table":1}},"DataVersion":3465}