{"stats":{"minecraft:crafted":{"minecraft:redstone":1,"minecraft:redstone_block":1,"minecraft:leather_helmet":1},"minecraft:picked_up":{"minecraft:wooden_axe":1,"minecraft:redstone_block":2,"create:wrench":4,"create:andesite_funnel":1,"minecraft:red_sand":678,"minecraft:bucket":3,"minecraft:redstone_torch":9,"minecraft:written_book":16,"createdeco:iron_ladder":3,"create:dough":16,"createdeco:gold_coin":1,"create:large_cogwheel":1,"minecraft:iron_block":7,"create:linked_controller":10,"minecraft:cobblestone":5176,"minecraft:feather":1082,"minecraft:water_bucket":2,"create:belt_connector":2,"minecraft:dirt":1550,"create:encased_chain_drive":2,"railways:white_conductor_cap":1,"create:shaft":2,"create:brown_toolbox":8,"create:gearshift":1,"create:placard":2,"create:cogwheel":1590,"create:cut_deepslate_bricks":2,"create:track_signal":2,"minecraft:grass_block":3,"minecraft:shulker_box":69,"minecraft:light_gray_concrete":128,"create:filter":1,"minecraft:lever":1,"create:white_sail":6,"minecraft:chicken":1062,"create:rotation_speed_controller":6,"minecraft:gold_block":128,"minecraft:conduit":1,"minecraft:flint_and_steel":2,"create:redstone_link":7,"create:brass_funnel":1,"minecraft:chest":4,"create:clutch":28,"create:sequenced_gearshift":3,"copycats:copycat_block":1,"minecraft:stone_button":1,"minecraft:redstone":3,"minecraft:saddle":1,"create:brass_block":128,"minecraft:iron_ingot":1,"create:mechanical_bearing":5,"create:attribute_filter":1,"minecraft:yellow_concrete":2,"create:brass_tunnel":2,"create:wheat_flour":48,"create:creative_motor":4,"minecraft:lime_dye":1,"minecraft:painting":3},"minecraft:dropped":{"create:belt_connector":70,"create:super_glue":2,"create:analog_lever":1,"create:vertical_gearbox":1,"create:cogwheel":75,"create:filter":1,"minecraft:dirt":1,"create:fluid_pipe":64,"minecraft:conduit":1,"create:large_cogwheel":66,"minecraft:white_wool":1,"create:track_signal":2,"create:brass_tunnel":1,"create:windmill_bearing":1,"create:smart_chute":64,"minecraft:lime_dye":1,"create:white_sail":10,"create:mechanical_bearing":1,"create:schematic":3,"create:creative_motor":2,"create:wrench":5,"create:wheat_flour":64,"minecraft:glass":1,"minecraft:written_book":3,"create:gantry_shaft":1,"minecraft:water_bucket":3,"create:display_board":1,"minecraft:cobblestone":379,"minecraft:grass_block":1,"create:andesite_casing":1,"minecraft:wooden_axe":3,"minecraft:mud":1,"minecraft:bucket":5,"create:pulse_repeater":1,"create:display_link":3,"minecraft:redstone_block":3,"create:clutch":1,"minecraft:redstone":4,"create:brass_funnel":1,"create:schematic_table":1,"minecraft:player_head":1,"create:shaft":133,"create:linked_controller":3,"create:encased_chain_drive":2,"minecraft:shulker_box":2,"minecraft:shears":1,"minecraft:flint_and_steel":2,"create:dough":23,"minecraft:stone":1,"create:radial_chassis":1,"minecraft:redstone_torch":2,"create:gearshift":65,"create:andesite_funnel":1},"minecraft:custom":{"minecraft:interact_with_crafting_table":1,"minecraft:open_barrel":47,"minecraft:open_shulker_box":31,"minecraft:leave_game":32,"minecraft:time_since_death":759060,"minecraft:sprint_one_cm":437270,"minecraft:drop":125,"minecraft:talked_to_villager":1,"minecraft:play_time":1070499,"minecraft:deaths":1,"minecraft:jump":4598,"minecraft:walk_on_water_one_cm":37779,"minecraft:open_enderchest":1,"minecraft:damage_dealt":207,"minecraft:crouch_one_cm":3467,"minecraft:inspect_dispenser":16,"minecraft:mob_kills":8,"minecraft:inspect_hopper":81,"minecraft:climb_one_cm":4841,"minecraft:walk_one_cm":827638,"minecraft:sneak_time":35402,"minecraft:walk_under_water_one_cm":5810,"minecraft:total_world_time":1070499,"minecraft:tune_noteblock":191,"minecraft:interact_with_stonecutter":2,"minecraft:time_since_rest":759090,"minecraft:damage_taken":300,"minecraft:fly_one_cm":5415359,"minecraft:open_chest":22,"minecraft:fall_one_cm":211},"minecraft:used":{"create:deployer":2,"create:brass_casing":3,"create:small_diorite_brick_wall":1,"create:polished_cut_tuff_wall":1,"create:piston_extension_pole":18,"minecraft:dispenser":3,"minecraft:spruce_slab":1,"minecraft:ladder":2,"minecraft:oak_sign":1,"minecraft:axolotl_spawn_egg":1,"minecraft:stone":3,"minecraft:zombie_spawn_egg":30,"create:sticker":5,"create:small_granite_brick_wall":2,"create:small_scoria_bricks":1,"create:small_ochrum_bricks":1,"minecraft:bell":2,"create:brass_ladder":5,"minecraft:player_head":19,"minecraft:farmland":2,"create:analog_lever":1,"create:cut_deepslate_bricks":1,"create:mechanical_bearing":20,"create:small_deepslate_bricks":1,"create:cut_calcite_slab":1,"create:clockwork_bearing":3,"minecraft:soul_sand":1,"create:cut_scoria_bricks":1,"create:white_sail":261,"create:cogwheel":30,"create:polished_cut_ochrum_wall":1,"create:polished_cut_andesite_stairs":1,"create:small_ochrum_brick_stairs":1,"create:framed_glass_pane":3,"create:polished_cut_deepslate_slab":15,"create:polished_cut_granite_slab":1,"create:metal_girder":18,"create:speedometer":2,"create:small_granite_bricks":1,"create:cut_granite_brick_wall":1,"minecraft:stripped_spruce_log":1,"minecraft:obsidian":6,"create:cut_dripstone_brick_slab":1,"minecraft:glass":425,"create:small_scorchia_bricks":1,"copycats:copycat_vertical_stairs":4,"minecraft:lava_bucket":10,"create:polished_cut_scoria":1,"create:polished_cut_scoria_slab":1,"create:cut_calcite_brick_stairs":1,"create:crafting_blueprint":5,"minecraft:red_wool":54,"minecraft:lantern":2,"minecraft:grass_block":17,"create:rose_quartz_lamp":32,"create:cut_veridium":1,"create:polished_cut_scorchia":1,"create:cut_andesite_brick_slab":1,"minecraft:stone_brick_stairs":1,"create:cut_deepslate_slab":1,"create:small_calcite_bricks":2,"minecraft:repeater":17,"create:polished_cut_calcite":1,"create:small_andesite_brick_wall":1,"create:linked_controller":10,"minecraft:redstone_lamp":6,"create:rotation_speed_controller":15,"create:stockpile_switch":4,"create:cut_veridium_brick_wall":2,"minecraft:written_book":2,"create:shaft":181,"create:polished_cut_scoria_stairs":1,"create:small_calcite_brick_slab":1,"create:mechanical_drill":3,"create:cut_granite_bricks":1,"create:cut_calcite_brick_slab":2,"create:polished_cut_calcite_wall":1,"create:industrial_iron_block":17,"minecraft:gold_block":1,"minecraft:skeleton_skull":1,"create:polished_cut_dripstone_wall":2,"create:sequenced_gearshift":32,"create:cut_veridium_bricks":1,"create:cut_tuff":1,"create:small_dripstone_bricks":1,"minecraft:end_rod":1,"minecraft:damaged_anvil":3,"create:cut_dripstone_wall":2,"create:cut_andesite_brick_wall":1,"create:small_tuff_bricks":1,"create:cut_deepslate_brick_slab":1,"create:small_veridium_brick_slab":1,"createrailwaysnavigator:train_station_clock":1,"create:cut_scorchia_brick_wall":1,"create:cut_veridium_slab":1,"create:polished_cut_diorite_slab":1,"minecraft:powered_rail":4,"create:small_andesite_brick_slab":1,"create:crimsite":1,"create:small_ochrum_brick_wall":1,"minecraft:redstone_block":156,"create:small_scoria_brick_stairs":2,"create:polished_cut_granite_stairs":2,"create:mysterious_cuckoo_clock":3,"create:small_scoria_brick_wall":1,"minecraft:smooth_quartz_stairs":1,"create:polished_cut_dripstone_slab":2,"minecraft:white_wool":63,"create:cut_ochrum":1,"create:cut_tuff_bricks":1,"create:nozzle":2,"create:polished_cut_andesite":1,"minecraft:sand":16,"create:flywheel":1,"create:polished_cut_granite":1,"create:small_granite_brick_stairs":1,"railways:white_conductor_cap":1,"minecraft:blue_ice":9,"create:cut_diorite_slab":1,"minecraft:gray_concrete":71,"create:placard":15,"minecraft:note_block":31,"railways:red_conductor_cap":1,"create:small_ochrum_brick_slab":1,"minecraft:lightning_rod":3,"minecraft:redstone_torch":8,"minecraft:sticky_piston":59,"create:cut_scorchia_stairs":1,"create:cut_calcite_stairs":1,"create:cut_scorchia":1,"create:small_dripstone_brick_stairs":1,"minecraft:lever":7,"create:cut_deepslate_wall":1,"create:cut_dripstone_slab":2,"create:polished_cut_andesite_slab":1,"minecraft:daylight_detector":1,"create:display_link":10,"create:cut_ochrum_wall":1,"create:cut_scoria_brick_wall":1,"createdeco:gold_coinstack":34,"create:cut_andesite_brick_stairs":3,"create:cut_diorite_brick_stairs":1,"create:cut_scorchia_brick_slab":1,"copycats:copycat_beam":4,"minecraft:birch_slab":3,"minecraft:light_gray_concrete":4,"create:polished_cut_scorchia_stairs":1,"minecraft:brown_wool":7,"minecraft:stone_button":25,"create:cut_andesite_bricks":1,"createrailwaysnavigator:advanced_display_panel":10,"minecraft:lectern":1,"create:contraption_controls":1,"create:small_dripstone_brick_slab":1,"create:adjustable_chain_gearshift":1,"create:andesite_casing":31,"create:asurine":1,"minecraft:cat_spawn_egg":1,"minecraft:polished_andesite_slab":2,"create:small_diorite_bricks":1,"create:powered_toggle_latch":8,"create:polished_cut_diorite_stairs":1,"create:cut_diorite_brick_wall":1,"create:cut_veridium_wall":1,"create:cut_tuff_brick_stairs":1,"minecraft:grindstone":1,"create:cut_deepslate_brick_wall":1,"create:stressometer":1,"create:small_scoria_brick_slab":1,"minecraft:chain":7,"create:framed_glass_door":1,"create:cut_dripstone_stairs":2,"create:cut_tuff_slab":1,"create:cut_deepslate_stairs":1,"create:small_andesite_bricks":2,"minecraft:white_concrete":4,"create:vertical_gearbox":25,"create:cut_ochrum_brick_stairs":1,"createdeco:iron_catwalk_stairs":2,"create:large_cogwheel":24,"create:cut_scoria_brick_stairs":1,"create:small_deepslate_brick_stairs":1,"create:framed_glass":171,"create:cut_diorite_stairs":1,"create:brass_door":4,"create:limestone":1,"minecraft:flint_and_steel":1,"create:schematic_table":6,"create:item_vault":74,"minecraft:armor_stand":31,"minecraft:red_concrete":4,"minecraft:redstone":111,"create:small_scorchia_brick_wall":1,"create:polished_cut_scoria_wall":1,"minecraft:spruce_planks":8,"create:cuckoo_clock":7,"create:sticky_mechanical_piston":23,"create:cut_calcite":1,"create:small_tuff_brick_wall":1,"create:polished_cut_tuff":1,"create:polished_cut_deepslate_wall":1,"createdeco:andesite_catwalk_stairs":3,"create:small_calcite_brick_wall":1,"create:cut_dripstone_brick_stairs":1,"create:turntable":4,"create:ochrum":1,"copycats:copycat_wall":3,"create:mechanical_pump":3,"minecraft:dirt":6,"minecraft:anvil":11,"minecraft:target":8,"create:cut_diorite_brick_slab":1,"create:small_veridium_brick_stairs":1,"minecraft:white_carpet":7,"create:copper_casing":1,"minecraft:hopper":21,"create:cut_veridium_brick_slab":1,"create:redstone_contact":4,"create:copycat_panel":48,"minecraft:shulker_box":27,"create:cut_veridium_stairs":1,"create:small_dripstone_brick_wall":1,"create:cut_scoria_wall":1,"minecraft:glow_lichen":2,"minecraft:spruce_fence":3,"minecraft:oak_fence_gate":3,"create:small_diorite_brick_stairs":2,"create:chute":21,"copycats:copycat_block":1,"create:polished_cut_diorite_wall":1,"minecraft:stone_brick_slab":7,"minecraft:sea_lantern":26,"create:polished_cut_tuff_slab":2,"create:small_diorite_brick_slab":1,"create:wrench":207,"create:cut_ochrum_brick_wall":1,"create:gearbox":19,"create:cut_granite_brick_slab":1,"minecraft:slime_block":14,"minecraft:polished_deepslate_wall":18,"create:small_veridium_brick_wall":1,"create:cut_scorchia_bricks":1,"create:cut_scoria":1,"create:small_tuff_brick_stairs":1,"create:polished_cut_tuff_stairs":1,"create:cut_andesite":1,"create:polished_cut_ochrum_slab":1,"create:polished_cut_granite_wall":2,"create:brown_toolbox":2,"create:creative_motor":54,"minecraft:barrel":12,"create:polished_cut_calcite_stairs":1,"create:cut_ochrum_stairs":1,"create:cut_tuff_wall":1,"create:encased_chain_drive":123,"create:gantry_carriage":7,"minecraft:emerald_block":1,"minecraft:black_stained_glass":1,"create:radial_chassis":11,"minecraft:iron_trapdoor":10,"create:small_veridium_bricks":1,"minecraft:goat_horn":9,"create:cut_ochrum_slab":1,"create:polished_cut_scorchia_slab":1,"create:fluid_pipe":52,"create:polished_cut_andesite_wall":1,"create:polished_cut_deepslate":1,"create:cut_scoria_brick_slab":1,"create:small_andesite_brick_stairs":1,"create:cut_diorite":1,"create:gantry_shaft":84,"minecraft:red_dye":1,"create:cut_scorchia_wall":1,"minecraft:observer":48,"create:belt_connector":71,"create:cut_veridium_brick_stairs":1,"create:cut_tuff_stairs":1,"create:cut_deepslate_brick_stairs":9,"create:gearshift":4,"create:polished_cut_deepslate_stairs":8,"minecraft:water_bucket":21,"createrailwaysnavigator:advanced_display_sloped":2,"create:polished_cut_ochrum":1,"minecraft:dirt_path":4,"minecraft:dark_oak_hanging_sign":3,"create:empty_blaze_burner":1,"create:polished_cut_veridium_wall":1,"create:cut_scorchia_brick_stairs":1,"create:brass_tunnel":12,"minecraft:cauldron":2,"create:nixie_tube":27,"create:cut_deepslate":1,"minecraft:stonecutter":1,"create:cut_andesite_stairs":1,"minecraft:glow_ink_sac":1,"create:small_scorchia_brick_slab":1,"minecraft:conduit":1,"create:item_drain":10,"copycats:copycat_slope_layer":10,"minecraft:glow_item_frame":2,"create:polished_cut_diorite":1,"create:cut_calcite_bricks":2,"minecraft:comparator":14,"create:cut_diorite_bricks":1,"create:encased_fan":3,"create:brass_funnel":24,"create:polished_cut_veridium_stairs":2,"minecraft:crafting_table":1,"createdeco:green_andesite_lamp":1,"create:small_tuff_brick_slab":1,"create:cut_ochrum_bricks":1,"create:cut_ochrum_brick_slab":1,"createrailwaysnavigator:advanced_display_half_panel":2,"create:cut_dripstone":3,"create:small_deepslate_brick_slab":1,"create:cut_tuff_brick_slab":1,"create:polished_cut_veridium":1,"create:small_granite_brick_slab":1,"copycats:copycat_slice":26,"create:polished_cut_scorchia_wall":1,"create:small_deepslate_brick_wall":1,"minecraft:mud":1,"minecraft:piston":35,"create:linear_chassis":48,"create:cut_dripstone_bricks":2,"create:small_calcite_brick_stairs":1,"create:windmill_bearing":6,"create:cut_calcite_brick_wall":1,"minecraft:oak_button":1,"create:water_wheel":8,"create:cut_scorchia_slab":1,"create:cut_tuff_brick_wall":1,"create:cut_scoria_slab":1,"copycats:copycat_slope":4,"createrailwaysnavigator:advanced_display":2,"create:large_water_wheel":2,"minecraft:yellow_wool":1,"create:polished_cut_dripstone":2,"create:polished_cut_calcite_slab":1,"create:cut_granite_brick_stairs":1,"create:polished_cut_dripstone_stairs":2,"create:small_scorchia_brick_stairs":1,"create:cut_andesite_wall":1,"create:polished_cut_ochrum_stairs":1,"create:cut_dripstone_brick_wall":1,"create:cut_calcite_wall":1,"minecraft:bucket":2,"minecraft:glass_pane":9,"create:clutch":20,"create:pulse_repeater":9,"create:elevator_pulley":1,"create:redstone_link":52,"copycats:copycat_vertical_slice":1,"minecraft:smooth_stone":51,"create:polished_cut_veridium_slab":1,"minecraft:birch_stairs":2,"create:cut_scoria_stairs":1,"create:cut_diorite_wall":1,"create:cut_andesite_slab":1},"minecraft:mined":{"create:white_sail":3}},"DataVersion":3465}