{"stats":{"minecraft:killed":{"minecraft:snow_golem":3,"minecraft:rabbit":1,"minecraft:zombified_piglin":2,"minecraft:trader_llama":4,"minecraft:ghast":1,"vinery:mule":2,"vinery:wandering_winemaker":1,"minecraft:player":2,"minecraft:chicken":1680,"minecraft:cow":4,"minecraft:horse":1,"betterend:cubozoa":1,"minecraft:wandering_trader":2},"minecraft:mined":{"farmersdelight:wild_carrots":1,"farmersdelight:wild_onions":1,"farmersdelight:wild_tomatoes":1,"minecraft:black_stained_glass":1,"farmersdelight:wild_rice":2,"farmersdelight:sandy_shrub":1,"farmersdelight:red_mushroom_colony":2,"farmersdelight:wild_potatoes":1,"farmersdelight:wild_cabbages":1,"minecraft:grass_block":4,"farmersdelight:brown_mushroom_colony":2,"minecraft:sand":1,"farmersdelight:wild_beetroots":1},"minecraft:custom":{"minecraft:interact_with_crafting_table":1,"minecraft:play_time":10475704,"minecraft:deaths":49,"minecraft:jump":6312,"minecraft:inspect_dispenser":42,"minecraft:inspect_dropper":152,"minecraft:interact_with_anvil":79,"minecraft:inspect_hopper":406,"minecraft:tune_noteblock":379,"minecraft:time_since_rest":396162,"minecraft:swim_one_cm":279,"minecraft:open_chest":1119,"minecraft:open_shulker_box":242,"minecraft:talked_to_villager":1,"minecraft:interact_with_brewingstand":1,"minecraft:fill_cauldron":3,"minecraft:damage_taken":22558,"minecraft:aviate_one_cm":1007,"minecraft:open_barrel":110,"minecraft:bell_ring":1,"minecraft:leave_game":192,"minecraft:time_since_death":395928,"minecraft:interact_with_furnace":2,"minecraft:damage_dealt":9190,"minecraft:use_cauldron":14,"minecraft:interact_with_smithing_table":1,"minecraft:sneak_time":242563,"minecraft:interact_with_lectern":24,"minecraft:total_world_time":10820329,"minecraft:interact_with_stonecutter":1,"minecraft:fly_one_cm":39889290,"minecraft:fall_one_cm":88554,"minecraft:sprint_one_cm":1409556,"minecraft:drop":5422,"minecraft:walk_on_water_one_cm":1096861,"minecraft:open_enderchest":10,"minecraft:player_kills":2,"minecraft:crouch_one_cm":17401,"minecraft:mob_kills":1734,"minecraft:climb_one_cm":11020,"minecraft:walk_one_cm":2795430,"minecraft:walk_under_water_one_cm":301825,"minecraft:damage_absorbed":1970,"minecraft:trigger_trapped_chest":1,"minecraft:minecart_one_cm":7},"minecraft:picked_up":{"railways:cyan_conductor_cap":1,"minecraft:lead":33,"create:item_drain":1,"minecraft:purple_shulker_box":3,"minecraft:string":1282,"create:sweet_roll":28032,"betterend:endstone_dust":1,"minecraft:mojang_banner_pattern":3,"minecraft:acacia_log":64,"create:andesite_casing":850,"minecraft:lightning_rod":64,"farmersdelight:chicken_cuts":2,"minecraft:cauldron":257,"farmersdelight:wild_onions":1,"minecraft:carved_pumpkin":1,"minecraft:tadpole_bucket":1,"minecraft:snowball":142,"minecraft:barrier":1,"minecraft:feather":984,"farmersdelight:rice":1,"minecraft:water_bucket":1,"minecraft:copper_block":1845,"farmersdelight:roast_chicken_block":1,"farmersdelight:sandy_shrub":1,"create:cinder_flour":2509,"minecraft:pink_concrete_powder":16,"minecraft:cyan_concrete_powder":64,"railways:white_conductor_cap":2,"create:goggles":9,"create:gearshift":64,"create:copycat_panel":1,"create:netherite_backtank":2,"minecraft:lever":12,"minecraft:golden_horse_armor":2,"farmersdelight:wild_tomatoes":1,"minecraft:redstone_lamp":1,"minecraft:heavy_weighted_pressure_plate":16,"minecraft:flint_and_steel":4,"minecraft:white_carpet":1316,"minecraft:netherite_sword":1,"minecraft:minecart":2,"minecraft:birch_sapling":855,"minecraft:piston":74,"minecraft:lime_shulker_box":2,"minecraft:black_stained_glass":1,"minecraft:stone":192,"farmersdelight:minced_beef":2,"minecraft:fire_charge":64,"create:copper_backtank":2,"minecraft:cyan_shulker_box":8,"create:depot":4,"minecraft:bone_block":67,"minecraft:rail":154,"minecraft:birch_leaves":639,"minecraft:yellow_shulker_box":9,"minecraft:clock":4,"minecraft:yellow_dye":2,"railways:orange_conductor_cap":1,"minecraft:paper":1664,"create:crushing_wheel":1,"create:crushed_raw_iron":399,"minecraft:apple":48,"minecraft:warped_stem":5,"minecraft:iron_ore":3696,"minecraft:milk_bucket":3,"minecraft:dragon_egg":1,"minecraft:slime_ball":3,"minecraft:birch_sign":1,"minecraft:painting":11,"railways:iron_wrapped_locometal_boiler":1,"minecraft:hopper":259,"create:nozzle":3,"create:mechanical_crafter":2,"minecraft:bucket":10,"minecraft:smooth_stone":2783,"minecraft:comparator":110,"minecraft:red_dye":64,"minecraft:ender_eye":64,"minecraft:smooth_quartz":8,"minecraft:smooth_quartz_stairs":4,"minecraft:tipped_arrow":370,"create:dough":765,"create:polished_cut_tuff":1,"create:large_cogwheel":71,"minecraft:rotten_flesh":15,"minecraft:obsidian":289,"minecraft:blaze_powder":48,"create:linked_controller":5,"minecraft:cobblestone":5066,"betterend:chorus_nylium":1,"create:fluid_tank":27,"minecraft:repeater":275,"minecraft:andesite":2215,"railways:gray_conductor_cap":1,"minecraft:potato":64,"create:belt_connector":33,"minecraft:skull_banner_pattern":2,"create:display_link":2,"farmersdelight:chicken_sandwich":2,"minecraft:dirt":461,"minecraft:glass":90025,"minecraft:bone":72,"minecraft:bow":4,"minecraft:wheat_seeds":2622,"minecraft:birch_wood":64,"extended_drawers:single_drawer":75,"minecraft:light_blue_shulker_box":4,"minecraft:grass_block":65,"minecraft:warped_fence_gate":1,"minecraft:sugar":8610,"minecraft:netherite_helmet":2,"minecraft:bone_meal":10716,"create:copper_shingle_slab":64,"minecraft:emerald":3968,"minecraft:netherrack":19159,"minecraft:chorus_fruit":64,"minecraft:splash_potion":1,"minecraft:brown_mushroom":5,"create:cut_calcite_slab":2,"create:rotation_speed_controller":1,"railways:red_conductor_cap":3,"create:schematic_table":1,"minecraft:shield":2,"minecraft:oak_trapdoor":2,"create:calcite_pillar":1,"create:pulse_extender":4,"create:sequenced_gearshift":1,"minecraft:end_stone":6,"minecraft:note_block":257,"create:windmill_bearing":2,"create:hand_crank":4,"minecraft:trident":3,"create:cut_tuff":1,"create:zinc_ingot":1,"minecraft:stone_pressure_plate":23,"create:deployer":1,"minecraft:blue_concrete_powder":64,"minecraft:red_shulker_box":2,"create:experience_nugget":5208,"minecraft:netherite_boots":1,"minecraft:golden_carrot":64,"minecraft:leather":8,"minecraft:gunpowder":71,"minecraft:cobblestone_wall":54,"create:item_vault":5,"extended_drawers:creative_upgrade":448,"minecraft:cooked_mutton":1,"minecraft:deepslate_emerald_ore":64,"minecraft:iron_ingot":9761,"minecraft:cooked_chicken":256,"minecraft:verdant_froglight":2,"minecraft:acacia_hanging_sign":1,"minecraft:tropical_fish_bucket":1,"create:large_water_wheel":3,"create:attribute_filter":12,"minecraft:quartz":183,"minecraft:lava_bucket":11,"minecraft:amethyst_shard":490,"create:wheat_flour":4817,"minecraft:light_blue_concrete_powder":16,"minecraft:polished_diorite_stairs":1,"create:andesite_tunnel":16,"create:crushed_raw_copper":129,"minecraft:wooden_axe":3,"create:polished_cut_calcite_slab":1,"minecraft:anvil":73,"minecraft:magenta_carpet":1,"create:wrench":7,"minecraft:gold_nugget":12,"minecraft:written_book":4,"minecraft:flower_banner_pattern":4,"minecraft:enchanted_golden_apple":128,"farmersdelight:red_mushroom_colony":1,"minecraft:magenta_concrete_powder":64,"minecraft:composter":262,"createdeco:gold_coin":130,"minecraft:cherry_log":1,"create:wand_of_symmetry":1,"farmersdelight:wild_cabbages":1,"minecraft:tropical_fish":1,"minecraft:iron_block":1404,"minecraft:blue_dye":134,"create_enchantment_industry:ink_bucket":1,"minecraft:netherite_chestplate":2,"minecraft:birch_log":1683,"minecraft:jungle_log":339,"minecraft:powder_snow_bucket":27,"minecraft:netherite_leggings":1,"create:encased_chain_drive":12,"create:shaft":27,"minecraft:glowstone_dust":224,"create:super_glue":2,"railways:conductor_whistle":1,"minecraft:barrel":256,"minecraft:quartz_bricks":2,"minecraft:dispenser":196,"create:polished_cut_diorite":1,"minecraft:bread":10264,"create:precision_mechanism":399,"minecraft:crafting_table":1,"minecraft:nether_wart":58,"railways:lime_conductor_cap":1,"minecraft:netherite_scrap":32464,"create:redstone_link":26,"farmersdelight:beef_patty":2,"create:brass_funnel":5,"create:blaze_cake_base":497,"minecraft:beef":2,"betterend:end_moss":1,"minecraft:iron_nugget":351,"minecraft:chest":242,"create:clutch":130,"minecraft:egg":3631,"create:crushed_raw_zinc":832,"create:blaze_cake":14772,"minecraft:blue_carpet":16,"create:powdered_obsidian":377,"minecraft:carrot":64,"minecraft:redstone":5381,"create:vertical_gearbox":2,"minecraft:chicken_spawn_egg":2,"minecraft:shears":13,"minecraft:sandstone_stairs":2,"create:honey_bucket":1,"create:zinc_block":3651,"minecraft:gold_ingot":713,"farmersdelight:beef_stew":3,"minecraft:lime_concrete_powder":64,"minecraft:white_shulker_box":2,"minecraft:white_wool":71,"farmersdelight:brown_mushroom_colony":1,"minecraft:stripped_oak_log":8435,"create:iron_sheet":249,"create:crushed_raw_gold":262,"minecraft:chiseled_bookshelf":128,"minecraft:red_mushroom":5,"create:framed_glass_trapdoor":2,"minecraft:ochre_froglight":6,"minecraft:oak_log":8165,"create:brass_block":66,"minecraft:ancient_debris":37568,"minecraft:white_banner":1,"minecraft:kelp":854,"minecraft:glass_bottle":10,"create:mechanical_saw":9,"minecraft:gravel":36428,"farmersdelight:wild_rice":1,"create:schematic":4,"minecraft:sea_lantern":54,"create:gearbox":73,"minecraft:firework_rocket":3157,"create:creative_motor":74,"create:smart_chute":1729,"create:weighted_ejector":1,"create:mechanical_pump":5,"minecraft:oak_button":67,"minecraft:pink_dye":1,"minecraft:ender_pearl":48,"minecraft:shulker_shell":6168,"minecraft:wheat":838,"minecraft:redstone_block":1157,"minecraft:calibrated_sculk_sensor":64,"minecraft:potion":23,"minecraft:turtle_egg":2,"create:wooden_bracket":1,"minecraft:raw_copper":64,"minecraft:globe_banner_pattern":3,"minecraft:smooth_stone_slab":11,"minecraft:sticky_piston":82,"minecraft:pink_shulker_box":2,"create:andesite_funnel":1,"minecraft:sea_pickle":19,"minecraft:activator_rail":54,"create:mechanical_press":65,"minecraft:tnt_minecart":2,"minecraft:redstone_torch":27489,"create:potato_cannon":1,"minecraft:calcite":2,"minecraft:stick":1717,"createdeco:iron_coin":1088,"minecraft:orange_shulker_box":3,"create:mechanical_mixer":65,"minecraft:deepslate_brick_wall":4,"minecraft:snow_block":64,"minecraft:dried_kelp":642,"minecraft:target":192,"minecraft:pointed_dripstone":54,"minecraft:cactus":83,"minecraft:cod":1,"railways:blue_conductor_cap":1,"create:speedometer":2,"minecraft:green_shulker_box":1,"minecraft:lapis_lazuli":28,"minecraft:light_blue_dye":4,"create:flywheel":1,"minecraft:powered_rail":180,"minecraft:oak_planks":2696,"create:cogwheel":209,"minecraft:jungle_planks":120,"minecraft:sand":3532,"railways:light_blue_conductor_cap":1,"minecraft:shulker_box":2245,"minecraft:diamond":302,"create:filter":96,"minecraft:oak_sapling":1031,"minecraft:nether_star":30,"farmersdelight:squid_ink_pasta":2,"minecraft:charcoal":4,"minecraft:firework_star":1,"minecraft:chicken":904,"create:crafter_slot_cover":4,"create:small_calcite_bricks":1,"create:creative_crate":1,"minecraft:item_frame":5,"farmersdelight:wild_potatoes":1,"create:chute":1,"railways:purple_conductor_cap":1,"minecraft:detector_rail":208,"railways:yellow_conductor_cap":1,"minecraft:player_head":2,"create:basin":1,"minecraft:observer":51994,"minecraft:blue_shulker_box":4,"minecraft:sugar_cane":27230,"minecraft:raw_iron":345,"minecraft:orange_dye":124,"create:golden_sheet":21,"minecraft:copper_ingot":128,"minecraft:stone_button":64,"minecraft:magenta_shulker_box":3,"farmersdelight:wild_beetroots":1,"create:vertical_framed_glass":1,"minecraft:arrow":2,"farmersdelight:wild_carrots":1,"create:empty_schematic":1,"minecraft:glow_ink_sac":17,"minecraft:salmon":3,"create:andesite_alloy":4753,"create:blaze_burner":131,"railways:green_conductor_cap":1,"create:mechanical_bearing":4,"create:brass_tunnel":31,"create:extendo_grip":5,"minecraft:stripped_jungle_log":128,"minecraft:coal":2,"minecraft:purple_concrete_powder":16},"minecraft:killed_by":{"minecraft:rabbit":1,"minecraft:elder_guardian":1,"minecraft:ender_dragon":4,"minecraft:creeper":1,"minecraft:player":6},"minecraft:crafted":{"create:shaft":8,"minecraft:oak_button":1,"create:depot":2,"create:chute":1,"minecraft:piston":10,"create:white_sail":32,"minecraft:charcoal":8,"create:empty_blaze_burner":1},"minecraft:dropped":{"minecraft:respawn_anchor":1,"minecraft:lapis_lazuli":65,"minecraft:glow_ink_sac":65,"minecraft:chorus_fruit":64,"minecraft:glass_bottle":103,"minecraft:diamond":130,"minecraft:lime_concrete_powder":320,"minecraft:red_sandstone":1,"create:flywheel":1,"minecraft:black_bed":1,"minecraft:emerald":193,"minecraft:gold_block":896,"minecraft:gray_concrete":1,"minecraft:birch_fence":2,"create:mechanical_arm":5,"farmersdelight:magenta_canvas_sign":193,"minecraft:netherite_boots":3,"minecraft:cherry_leaves":64,"minecraft:gold_nugget":28,"minecraft:sand":4034,"minecraft:verdant_froglight":64,"minecraft:purple_wool":256,"betterend:globulagus":64,"minecraft:white_wool":192,"extended_drawers:single_drawer":72,"minecraft:tropical_fish_bucket":3,"minecraft:compass":1,"minecraft:ancient_debris":514,"minecraft:lever":67,"minecraft:iron_nugget":49,"minecraft:cooked_chicken":64,"minecraft:tinted_glass":64,"minecraft:black_carpet":64,"minecraft:netherite_sword":2,"minecraft:obsidian":698,"minecraft:oak_planks":4667,"create:polished_cut_diorite":2,"minecraft:pink_carpet":66,"minecraft:birch_wood":64,"minecraft:glowstone_dust":64,"create:potato_cannon":2,"minecraft:golden_shovel":1,"create:creative_crate":1,"minecraft:dead_fire_coral_block":1,"minecraft:red_mushroom_block":64,"minecraft:sea_lantern":694,"create:polished_cut_tuff":1,"minecraft:azalea_leaves":128,"create:honeyed_apple":2,"minecraft:jungle_log":237,"farmersdelight:onion_crate":193,"minecraft:glass":4701,"minecraft:podzol":1,"farmersdelight:stuffed_pumpkin_block":1,"minecraft:brown_concrete":1,"create:mechanical_mixer":64,"create:basin":64,"minecraft:orange_shulker_box":9,"betterend:crystal_shards":64,"minecraft:wheat_seeds":717,"minecraft:clock":1,"minecraft:smooth_quartz_stairs":2,"minecraft:netherite_chestplate":2,"minecraft:prismarine_crystals":1,"minecraft:salmon_bucket":2,"minecraft:coal_block":2304,"minecraft:lava_bucket":27,"farmersdelight:shepherds_pie_block":1,"minecraft:brown_concrete_powder":256,"minecraft:gray_wool":64,"create:handheld_worldshaper":1,"minecraft:wooden_axe":6,"minecraft:lapis_ore":1,"farmersdelight:cyan_canvas_sign":1,"minecraft:potion":145,"minecraft:red_dye":268,"createdeco:gold_coin":259,"minecraft:smooth_stone":2527,"minecraft:chainmail_leggings":1,"create:mechanical_drill":1,"minecraft:blue_carpet":64,"create:raw_zinc":832,"minecraft:snow_block":64,"minecraft:yellow_concrete_powder":128,"create:brass_funnel":17,"minecraft:soul_soil":1,"minecraft:netherite_hoe":1,"minecraft:player_head":2,"minecraft:sticky_piston":132,"minecraft:orange_concrete":193,"minecraft:white_carpet":11599,"minecraft:clay_ball":1,"minecraft:name_tag":1,"create:mechanical_pump":2,"minecraft:light_gray_concrete":1,"minecraft:white_terracotta":128,"minecraft:white_shulker_box":3,"minecraft:shears":21,"minecraft:cyan_wool":128,"minecraft:sea_pickle":3,"farmersdelight:orange_canvas_sign":128,"minecraft:powder_snow_bucket":20,"minecraft:piglin_banner_pattern":1,"create:zinc_ingot":193,"minecraft:diamond_pickaxe":1,"minecraft:light_blue_carpet":64,"minecraft:pink_shulker_box":5,"minecraft:redstone_torch":396,"minecraft:stone_pressure_plate":135,"minecraft:barrel":390,"minecraft:green_concrete_powder":448,"minecraft:magma_block":64,"create:blaze_cake_base":30,"minecraft:cyan_bed":1,"minecraft:terracotta":64,"betterend:ender_ore":64,"minecraft:blue_shulker_box":6,"create:belt_connector":332,"create:spout":1,"minecraft:soul_sand":1,"minecraft:orange_dye":64,"minecraft:oak_log":12518,"minecraft:loom":128,"minecraft:ender_pearl":230,"create:pink_toolbox":1,"minecraft:golden_pickaxe":1,"minecraft:nether_star":65,"minecraft:lime_terracotta":64,"minecraft:green_shulker_box":32,"create:filter":76,"minecraft:jungle_planks":12,"minecraft:red_wool":128,"minecraft:bedrock":1,"extended_drawers:creative_upgrade":211,"minecraft:redstone_lamp":67,"minecraft:polished_diorite_stairs":3,"minecraft:packed_ice":258,"minecraft:ice":322,"railways:track_jungle_wide":1,"minecraft:mojang_banner_pattern":1,"minecraft:snowball":1,"minecraft:black_shulker_box":2,"minecraft:axolotl_bucket":2,"create:crushed_raw_iron":333,"minecraft:stripped_oak_wood":2,"minecraft:black_concrete":1,"create_enchantment_industry:enchanting_guide":1,"minecraft:cauldron":258,"minecraft:gold_ingot":3980,"create:sweet_roll":2193,"minecraft:spyglass":16,"farmersdelight:chocolate_pie":5,"farmersdelight:green_canvas_sign":64,"create:smart_chute":963,"minecraft:cyan_shulker_box":11,"minecraft:birch_fence_gate":64,"minecraft:mushroom_stem":64,"create:controller_rail":1,"minecraft:mangrove_log":1,"minecraft:trident":1,"create:creative_motor":68,"createoreexcavation:raw_diamond":64,"minecraft:dropper":1152,"minecraft:ochre_froglight":64,"create:gearbox":3916,"minecraft:purple_concrete_powder":768,"create:water_wheel":65,"minecraft:white_concrete_powder":192,"minecraft:light_gray_concrete_powder":128,"minecraft:splash_potion":5,"create:andesite_alloy":3702,"farmersdelight:squid_ink_pasta":3,"createoreexcavation:raw_emerald":1,"minecraft:purple_carpet":65,"minecraft:cherry_log":1,"minecraft:yellow_concrete":897,"minecraft:netherite_axe":2,"minecraft:golden_axe":1,"create:chute":2243,"minecraft:amethyst_block":1,"minecraft:activator_rail":55,"minecraft:acacia_log":2624,"create:nozzle":64,"create:crushed_raw_gold":192,"create:cinder_flour":19,"minecraft:iron_block":1024,"minecraft:milk_bucket":23,"minecraft:pearlescent_froglight":64,"create:extendo_grip":3,"create_enchantment_industry:hyper_experience_bottle":64,"create:blaze_burner":899,"minecraft:repeater":2569,"minecraft:light_blue_wool":64,"minecraft:light_gray_shulker_box":2,"minecraft:white_concrete":66,"minecraft:yellow_shulker_box":12,"minecraft:fire_charge":256,"create:pulse_repeater":2,"minecraft:redstone_block":2250,"farmersdelight:light_blue_canvas_sign":192,"minecraft:polished_diorite":65,"minecraft:kelp":4115,"create:schematic_table":129,"minecraft:light_gray_terracotta":64,"minecraft:lime_concrete":129,"create:andesite_tunnel":1,"minecraft:comparator":182,"minecraft:stripped_oak_log":504,"minecraft:green_concrete":66,"minecraft:dirt_path":2,"create:netherite_backtank":5,"minecraft:totem_of_undying":88,"minecraft:shulker_box":614,"minecraft:netherite_leggings":3,"minecraft:flint_and_steel":19,"minecraft:deepslate_bricks":64,"createoreexcavation:raw_redstone":1,"create:cart_assembler":1,"minecraft:oak_button":67,"minecraft:andesite":137,"minecraft:oak_sapling":896,"create:deployer":2,"minecraft:birch_sign":1,"minecraft:gray_concrete_powder":384,"create:cut_tuff":1,"minecraft:spruce_log":64,"minecraft:globe_banner_pattern":3,"minecraft:magma_cream":64,"create:gearshift":768,"farmersdelight:yellow_canvas_sign":64,"minecraft:amethyst_cluster":64,"create:golden_sheet":1,"minecraft:crimson_stem":1,"minecraft:piston":129,"minecraft:oak_pressure_plate":192,"minecraft:sandstone_stairs":2,"minecraft:crossbow":1,"create:cogwheel":3278,"create:incomplete_precision_mechanism":4,"minecraft:fletching_table":64,"create:brass_block":1793,"create:polished_cut_diorite_slab":64,"create:fluid_tank":641,"create:large_water_wheel":65,"minecraft:rail":17,"minecraft:red_carpet":130,"minecraft:item_frame":4,"minecraft:light_weighted_pressure_plate":129,"farmersdelight:canvas_sign":64,"minecraft:red_shulker_box":4,"minecraft:dirt":2,"minecraft:stone_button":64,"minecraft:yellow_dye":272,"create:copper_backtank":6,"create:speedometer":2,"minecraft:bone_block":66,"minecraft:bone_meal":3712,"minecraft:deepslate_coal_ore":1,"create:goggles":2,"minecraft:sugar":2048,"minecraft:bone":577,"minecraft:green_wool":64,"farmersdelight:rice_roll_medley_block":1,"minecraft:note_block":256,"minecraft:emerald_block":1089,"minecraft:sugar_cane":2023,"create:crushed_raw_copper":64,"minecraft:polished_andesite_slab":1,"minecraft:detector_rail":97,"minecraft:pink_dye":2,"minecraft:birch_sapling":64,"minecraft:blue_wool":64,"railways:white_conductor_cap":3,"minecraft:enchanted_golden_apple":64,"minecraft:netherite_shovel":2,"minecraft:lime_dye":65,"minecraft:end_stone":64,"create:turntable":128,"minecraft:blaze_powder":128,"minecraft:deepslate_emerald_ore":64,"create:copper_shingle_slab":128,"minecraft:firework_star":2,"create:encased_fan":194,"create:brown_toolbox":1,"minecraft:skull_banner_pattern":1,"minecraft:heavy_weighted_pressure_plate":65,"minecraft:charcoal":8,"farmersdelight:honey_glazed_ham_block":4,"minecraft:honey_block":320,"minecraft:cod_bucket":2,"minecraft:hopper":1924,"create:wrench":21,"create:mechanical_crafter":2,"create:track_station":1,"minecraft:crying_obsidian":64,"minecraft:white_glazed_terracotta":1,"minecraft:lectern":65,"minecraft:egg":2671,"minecraft:enchanted_book":44,"minecraft:iron_ingot":16901,"minecraft:netherite_pickaxe":3,"create:attribute_filter":2,"minecraft:sculk_shrieker":64,"minecraft:mangrove_leaves":64,"betterend:thallasium_ore":64,"farmersdelight:skillet":3,"minecraft:copper_block":1408,"minecraft:tnt":128,"minecraft:golden_horse_armor":3,"minecraft:iron_golem_spawn_egg":1,"minecraft:netherite_helmet":3,"minecraft:tadpole_bucket":5,"minecraft:cobblestone":4802,"create:precision_mechanism":102,"minecraft:stripped_jungle_log":68,"minecraft:coal":1,"create:andesite_casing":256,"minecraft:iron_trapdoor":1,"minecraft:golden_carrot":64,"create:item_drain":3,"minecraft:diamond_helmet":3,"create:cut_diorite":64,"minecraft:lime_carpet":128,"minecraft:dried_kelp":1,"minecraft:pufferfish_bucket":3,"minecraft:orange_concrete_powder":64,"minecraft:heart_of_the_sea":65,"farmersdelight:roast_chicken_block":5,"farmersdelight:white_canvas_sign":64,"minecraft:paper":272,"minecraft:string":257,"minecraft:gray_carpet":64,"minecraft:magenta_shulker_box":2,"create:clutch":387,"create:smart_fluid_pipe":2,"minecraft:furnace":64,"minecraft:netherite_ingot":66,"minecraft:stone_sword":1,"minecraft:polished_diorite_slab":64,"minecraft:smooth_stone_slab":1,"minecraft:diamond_hoe":3,"minecraft:suspicious_sand":1,"create:rose_quartz_lamp":1,"minecraft:slime_block":960,"minecraft:glow_lichen":64,"minecraft:magenta_concrete":64,"minecraft:target":385,"minecraft:light_blue_dye":130,"create:polished_cut_calcite_slab":3,"create:item_vault":5,"minecraft:potato":64,"minecraft:stone":3468,"create:propeller":1,"create:honey_bucket":2,"betterend:thallasium_block":64,"minecraft:carved_pumpkin":1,"minecraft:brown_carpet":66,"minecraft:magenta_concrete_powder":576,"create:brass_casing":2,"betterend:aeternium_ingot":64,"minecraft:cyan_concrete_powder":448,"minecraft:black_wool":64,"minecraft:pink_concrete_powder":128,"create:andesite_funnel":2,"create:vertical_gearbox":5003,"minecraft:warped_stem":71,"create:super_glue":1,"minecraft:birch_planks":64,"create:millstone":1,"minecraft:diamond_axe":2,"minecraft:lime_shulker_box":7,"minecraft:stripped_birch_wood":64,"minecraft:netherite_upgrade_smithing_template":1,"minecraft:scute":1,"minecraft:lantern":128,"minecraft:blue_concrete_powder":128,"minecraft:creeper_banner_pattern":1,"minecraft:flint":64,"minecraft:spruce_leaves":64,"minecraft:orange_carpet":130,"minecraft:netherite_scrap":65,"minecraft:dispenser":73,"railways:red_conductor_cap":2,"farmersdelight:purple_canvas_sign":129,"create:iron_sheet":260,"create:large_cogwheel":329,"minecraft:birch_log":828,"minecraft:black_stained_glass":1,"create:crafter_slot_cover":1,"create:crushing_wheel":1,"minecraft:mangrove_roots":64,"minecraft:diamond_shovel":1,"create:mechanical_bearing":1,"minecraft:carrot":64,"minecraft:brown_shulker_box":2,"minecraft:shulker_shell":10909,"minecraft:turtle_helmet":1,"create:framed_glass_trapdoor":3,"minecraft:gunpowder":272,"farmersdelight:pink_canvas_sign":1,"minecraft:skeleton_skull":64,"minecraft:chest":303,"minecraft:spruce_wood":1,"create:brass_ingot":256,"create:copycat_panel":1,"create:depot":7,"create:pulse_extender":1,"minecraft:gray_shulker_box":3,"minecraft:cyan_concrete":192,"minecraft:powered_rail":4,"minecraft:prismarine_bricks":320,"create:mechanical_press":130,"minecraft:quartz":577,"minecraft:written_book":436,"minecraft:oak_leaves":193,"minecraft:netherrack":6926,"railways:gray_conductor_cap":2,"minecraft:firework_rocket":5180,"minecraft:water_bucket":17,"minecraft:oak_slab":64,"minecraft:magenta_carpet":128,"betterend:amber_ore":64,"minecraft:red_concrete_powder":128,"minecraft:deepslate_iron_ore":1,"minecraft:smithing_table":64,"create:mechanical_saw":3,"minecraft:minecart":2,"minecraft:cyan_dye":64,"minecraft:diamond_leggings":4,"minecraft:prismarine_shard":192,"minecraft:lead":2,"farmersdelight:light_gray_canvas_sign":64,"create_enchantment_industry:disenchanter":1,"minecraft:copper_ingot":2500,"minecraft:light_blue_concrete_powder":576,"minecraft:chiseled_bookshelf":192,"minecraft:grass_block":646,"minecraft:calibrated_sculk_sensor":128,"minecraft:stick":729,"minecraft:magenta_bed":1,"create:content_observer":1,"minecraft:blue_dye":64,"minecraft:diorite":65,"minecraft:brewing_stand":1,"minecraft:leather_horse_armor":1,"farmersdelight:cooking_pot":2,"minecraft:smooth_quartz":2,"minecraft:waxed_oxidized_copper":1,"create:blaze_cake":5777,"farmersdelight:lime_canvas_sign":1,"create:magenta_toolbox":1,"create:display_link":1,"minecraft:bucket":2,"minecraft:lapis_block":1,"minecraft:smooth_basalt":2,"minecraft:redstone":4140,"minecraft:farmland":1,"minecraft:red_concrete":65,"minecraft:anvil":4,"create:shaft":1109,"create:zinc_block":1289,"minecraft:coarse_dirt":1,"minecraft:blaze_rod":1,"minecraft:raw_copper":1153,"create:linked_controller":3,"minecraft:composter":256,"create:encased_chain_drive":15,"minecraft:raw_iron":550,"minecraft:light_gray_wool":64,"minecraft:iron_hoe":1,"minecraft:smoker":64,"create:experience_nugget":3219,"minecraft:ender_eye":64,"create:rotation_speed_controller":6,"create:polished_cut_calcite":1,"create:schematic_and_quill":2,"minecraft:muddy_mangrove_roots":64,"minecraft:shield":7,"minecraft:black_concrete_powder":256,"create:redstone_link":7,"minecraft:diamond_chestplate":7,"minecraft:orange_terracotta":64,"minecraft:cake":1,"minecraft:blue_ice":66,"minecraft:diamond_boots":5,"minecraft:slime_ball":128,"minecraft:purple_shulker_box":6,"minecraft:stone_pickaxe":1,"minecraft:raw_gold":129,"create:framed_glass":1,"minecraft:calcite":2,"minecraft:white_stained_glass":388,"create:empty_blaze_burner":576,"minecraft:light_blue_shulker_box":8},"minecraft:used":{"create:light_blue_seat":1,"minecraft:moss_block":44,"farmersdelight:onion_crate":2,"create:deployer":256,"minecraft:writable_book":12,"create:brass_casing":184,"railways:green_slashed_locometal":1,"minecraft:smooth_quartz_slab":82,"minecraft:dispenser":68,"railways:white_locometal_boiler":2,"railways:wooden_headstock_buffer":6,"minecraft:quartz_stairs":27,"minecraft:farmland":4,"minecraft:soul_sand":57,"create:white_sail":465,"railways:benchcart":1,"create:creative_crate":165,"create:framed_glass_pane":13,"minecraft:snowball":74,"minecraft:packed_ice":161,"minecraft:lava_bucket":32,"minecraft:quartz_pillar":40,"railways:light_gray_locometal_boiler":3,"railways:light_blue_slashed_locometal":1,"minecraft:jungle_fence_gate":4,"minecraft:quartz_block":86,"farmersdelight:rotten_tomato":19,"minecraft:netherite_hoe":3,"farmersdelight:rice_bale":1,"create:cut_asurine_bricks":2,"minecraft:diorite_wall":3,"create:zinc_ore":1,"create:rope_pulley":7,"create:polished_cut_calcite":104,"railways:track_phantom":13,"create:shaft":4788,"minecraft:guardian_spawn_egg":2,"create:steam_engine":78,"railways:link_and_pin_linkless":2,"create:sequenced_gearshift":18,"create:cut_tuff":1,"railways:blue_locometal_boiler":2,"minecraft:deepslate_brick_wall":1,"create:small_dripstone_bricks":1,"railways:lime_locometal_boiler":1,"minecraft:cow_spawn_egg":48,"minecraft:cactus":11,"create:crimsite":2,"minecraft:composter":81,"minecraft:clay":9,"create:pink_seat":1,"create:cut_granite_wall":1,"farmersdelight:tatami":1,"minecraft:chiseled_quartz_block":24,"minecraft:gray_concrete":1,"create:cut_crimsite_brick_wall":1,"railways:yellow_locometal_boiler":1,"minecraft:crimson_fence_gate":27,"minecraft:birch_fence":59,"create:cut_scorchia":1,"railways:gray_slashed_locometal":1,"minecraft:red_sandstone":1,"create:green_seat":1,"minecraft:white_glazed_terracotta":3,"create:andesite_alloy_block":1,"railways:screwlink_coupler":2,"minecraft:oak_pressure_plate":15,"farmersdelight:chocolate_pie":1,"create:cut_crimsite_brick_slab":2,"minecraft:flowering_azalea_leaves":1,"create:powered_toggle_latch":3,"create:red_toolbox":2,"farmersdelight:straw_bale":2,"create:basin":101,"minecraft:smithing_table":1,"create:pink_toolbox":1,"farmersdelight:spruce_cabinet":1,"minecraft:birch_log":32,"minecraft:piglin_spawn_egg":85,"create:cut_asurine_wall":1,"minecraft:oak_trapdoor":24,"railways:copycat_headstock_buffer":5,"create_enchantment_industry:disenchanter":53,"create:weighted_ejector":98,"railways:handcar":1,"minecraft:orange_concrete":1,"create:schematic_table":8,"minecraft:armor_stand":8,"create:sticky_mechanical_piston":46,"create:ochrum":2,"railways:smokestack_coalburner":1,"minecraft:brewing_stand":1,"minecraft:light_blue_dye":3,"create:small_limestone_bricks":2,"create:cut_granite_slab":2,"minecraft:cod_bucket":1,"minecraft:yellow_carpet":19,"railways:locometal_boiler":1,"minecraft:oak_fence_gate":18,"create:cut_asurine_slab":2,"farmersdelight:oak_cabinet":1,"minecraft:sea_lantern":63,"create:cut_asurine_stairs":1,"minecraft:iron_block":2,"create:copycat_step":6,"minecraft:jungle_log":2,"farmersdelight:cabbage_crate":1,"minecraft:piglin_brute_spawn_egg":4,"create:cut_andesite":1,"create:creative_motor":148,"minecraft:barrel":96,"farmersdelight:canvas_rug":2,"minecraft:diamond_chestplate":2,"minecraft:lime_concrete":1,"create:polished_cut_crimsite_stairs":1,"create:fluid_pipe":1139,"minecraft:acacia_planks":8,"minecraft:cherry_log":1,"create:polished_cut_deepslate":1,"minecraft:dead_bubble_coral_fan":6,"create:belt_connector":1887,"create:fluid_valve":11,"farmersdelight:roast_chicken_block":2,"minecraft:calcite":174,"minecraft:warped_stem":1,"minecraft:light_blue_shulker_box":1,"railways:semaphore":3,"minecraft:birch_planks":60,"create:brass_tunnel":293,"minecraft:cherry_planks":1,"minecraft:blue_concrete_powder":47,"minecraft:cauldron":78,"create:nixie_tube":28,"farmersdelight:dark_oak_cabinet":1,"minecraft:glow_ink_sac":37,"create:framed_glass_trapdoor":72,"create:blaze_burner":221,"railways:track_switch_andesite":2,"minecraft:waxed_exposed_copper":1,"railways:pink_slashed_locometal":1,"minecraft:rail":83,"minecraft:acacia_hanging_sign":1,"minecraft:red_bed":1,"create:cut_crimsite_slab":1,"railways:split_knuckle_coupler":3,"minecraft:white_bed":1,"minecraft:endermite_spawn_egg":2,"minecraft:spruce_log":1,"minecraft:amethyst_cluster":4,"create:small_crimsite_bricks":2,"minecraft:yellow_dye":4,"minecraft:oak_button":55,"minecraft:tnt_minecart":2692,"farmersdelight:light_gray_canvas_sign":1,"create_enchantment_industry:ink_bucket":1,"minecraft:spruce_trapdoor":4,"create:cut_crimsite_wall":1,"create:mechanical_arm":1136,"create:andesite_tunnel":162,"minecraft:blue_carpet":34,"minecraft:pink_bed":3,"minecraft:potion":25,"minecraft:purple_bed":1,"createoreexcavation:extractor":1,"create:polished_cut_limestone_stairs":1,"create:clutch":141,"minecraft:brush":4,"minecraft:stripped_oak_log":73,"create:redstone_link":468,"minecraft:diamond_leggings":1,"create:calcite_pillar":44,"minecraft:decorated_pot":3,"create:pulse_extender":61,"create:magenta_seat":1,"create:portable_storage_interface":106,"railways:copycat_headstock_link_and_pin":3,"create:railway_casing":3,"create:cut_deepslate_bricks":1,"minecraft:soul_campfire":1,"farmersdelight:rich_soil_farmland":2,"create:cogwheel":1160,"minecraft:jungle_planks":1,"create:polished_cut_ochrum_wall":66,"create:brown_seat":1,"create:controller_rail":10,"minecraft:obsidian":300,"railways:smokestack_streamlined":1,"minecraft:mangrove_log":1,"create:small_limestone_brick_stairs":1,"railways:big_buffer":3,"minecraft:lantern":9,"farmersdelight:lime_canvas_sign":1,"farmersdelight:rice_roll_medley_block":1,"create:cut_veridium":1,"create:scoria":2,"railways:copycat_headstock_split_knuckle_coupler":1,"minecraft:light_blue_bed":2,"minecraft:item_frame":497,"create:experience_block":18,"create:linked_controller":3,"farmersdelight:purple_canvas_sign":1,"minecraft:written_book":12,"create:yellow_seat":1,"minecraft:blue_shulker_box":1,"create:mechanical_drill":76,"farmersdelight:safety_net":2,"minecraft:gold_block":14,"create:cut_veridium_bricks":1,"create:polished_cut_limestone_slab":2,"railways:black_slashed_locometal":1,"minecraft:tube_coral_fan":8,"minecraft:diamond_boots":1,"minecraft:dropper":35,"create:crushing_wheel":40,"minecraft:oak_planks":74,"minecraft:mangrove_planks":1,"railways:magenta_brass_wrapped_locometal_boiler":1,"minecraft:sandstone":1,"minecraft:sugar_cane":106,"create:copper_valve_handle":2,"create:mechanical_saw":138,"minecraft:white_wool":35,"create:cut_ochrum":1,"create:nozzle":10,"create:polished_cut_andesite":1,"railways:green_locometal_boiler":1,"minecraft:light_blue_concrete":1,"railways:white_slashed_locometal":47,"minecraft:yellow_concrete":1,"minecraft:ochre_froglight":15,"create:cut_limestone_brick_wall":1,"minecraft:sticky_piston":194,"railways:slashed_locometal":1,"minecraft:lever":135,"create:polished_cut_andesite_slab":5,"minecraft:dark_oak_log":1,"minecraft:barrier":1,"create:cut_limestone_brick_slab":1,"create:potato_cannon":1,"railways:orange_locometal_boiler":1,"create:peculiar_bell":1,"minecraft:iron_door":6,"create:asurine":2,"create:andesite_casing":158,"minecraft:deepslate":1,"create:black_toolbox":2,"railways:small_buffer":2,"create:white_seat":3,"create:small_diorite_bricks":1,"railways:wooden_headstock_split_knuckle_coupler":1,"railways:yellow_slashed_locometal":1,"create:cyan_toolbox":1,"railways:white_riveted_locometal":1,"minecraft:smooth_stone_slab":139,"create:chocolate_bucket":1,"create:vertical_gearbox":574,"minecraft:bone_meal":18,"create:large_cogwheel":137,"extended_drawers:double_drawer":3,"minecraft:netherite_sword":120,"minecraft:flint_and_steel":44,"minecraft:redstone":951,"minecraft:dried_kelp":1,"minecraft:ender_chest":5,"create:orange_seat":1,"create:cut_crimsite_brick_stairs":1,"minecraft:brown_shulker_box":1,"farmersdelight:rich_soil":4,"farmersdelight:rice_bag":1,"create:lime_seat":1,"minecraft:dirt":32,"create:mechanical_mixer":44,"create:redstone_contact":53,"farmersdelight:sandy_shrub":3,"create:polished_cut_asurine":2,"create:copycat_panel":765,"create:netherite_backtank":2,"create:light_gray_seat":1,"farmersdelight:rope":3,"create:cut_crimsite_stairs":1,"minecraft:wooden_axe":29,"farmersdelight:gray_canvas_sign":1,"create:black_seat":1,"create:vertical_framed_glass":8,"create:small_crimsite_brick_slab":2,"create:brown_toolbox":2,"create:purple_seat":1,"create:polished_cut_asurine_wall":65,"farmersdelight:basket":1,"minecraft:black_stained_glass":14,"minecraft:soul_soil":2,"railways:wooden_headstock_screwlink_coupler":1,"minecraft:minecart":17,"railways:orange_slashed_locometal":1,"create:white_toolbox":7,"minecraft:turtle_egg":11,"minecraft:powder_snow_bucket":10,"create:cut_diorite":1,"minecraft:light_gray_bed":2,"minecraft:bamboo_planks":1,"farmersdelight:warped_cabinet":1,"create:gearshift":12,"create:honey_bucket":4,"railways:lime_conductor_cap":1,"create:brass_block":8,"railways:knuckle_coupler":2,"create:polished_cut_ochrum":1,"farmersdelight:skillet":1,"minecraft:snow_block":6,"minecraft:iron_golem_spawn_egg":3,"create:red_seat":4,"create_enchantment_industry:hyper_experience_bottle":2,"minecraft:green_bed":1,"minecraft:vindicator_spawn_egg":1,"create:item_drain":175,"railways:brown_slashed_locometal":1,"create:cut_calcite_bricks":1,"railways:portable_fuel_interface":1,"create:brass_funnel":954,"create:cut_crimsite_bricks":2,"minecraft:magenta_bed":1,"minecraft:bamboo_block":1,"railways:link_and_pin":2,"create:cut_dripstone":1,"minecraft:warped_planks":1,"minecraft:piston":240,"railways:buffer":5,"railways:wooden_headstock_link_and_pin":2,"railways:cyan_slashed_locometal":1,"create:cut_dripstone_bricks":1,"create:mechanical_press":28,"minecraft:command_block":5,"farmersdelight:jungle_cabinet":1,"minecraft:detector_rail":1,"minecraft:magenta_concrete":1,"create:cut_crimsite":2,"create:polished_cut_limestone_wall":1,"create:large_water_wheel":44,"create:cut_granite":2,"create:polished_cut_dripstone":1,"create:polished_cut_calcite_slab":13,"railways:light_gray_slashed_locometal":9,"farmersdelight:red_canvas_sign":1,"minecraft:pink_shulker_box":1,"minecraft:sea_pickle":135,"create:waxed_oxidized_copper_tiles":1,"create:small_crimsite_brick_wall":1,"minecraft:orange_dye":2,"createoreexcavation:drilling_machine":1,"railways:light_blue_locometal_boiler":2,"create:polished_cut_asurine_slab":1,"minecraft:ladder":8,"minecraft:suspicious_sand":2,"railways:black_copper_wrapped_locometal":6,"minecraft:chest":329,"minecraft:brown_concrete":1,"minecraft:white_shulker_box":4,"create:small_ochrum_bricks":1,"create:small_deepslate_bricks":1,"create:fluid_tank":578,"farmersdelight:orange_canvas_sign":1,"create:cut_asurine_brick_slab":2,"railways:wooden_headstock":8,"create:mechanical_crafter":174,"railways:copycat_headstock_screwlink_coupler":1,"farmersdelight:white_canvas_sign":1,"create:depot":472,"create:small_granite_bricks":1,"minecraft:warden_spawn_egg":1,"create:cut_limestone_wall":1,"minecraft:grass_block":691,"create:rose_quartz_lamp":53,"minecraft:birch_sapling":4,"minecraft:orange_shulker_box":1,"minecraft:polished_andesite_stairs":2,"create:andesite_funnel":354,"railways:copycat_headstock":4,"create:rotation_speed_controller":123,"create:stockpile_switch":108,"minecraft:furnace":4,"minecraft:egg":595,"farmersdelight:wild_beetroots":2,"minecraft:magenta_shulker_box":1,"createdeco:zinc_bars":3,"railways:magenta_slashed_locometal":1,"create:small_crimsite_brick_stairs":2,"minecraft:stripped_birch_log":1,"minecraft:powered_rail":304,"betterend:lucernia_leaves":1,"minecraft:smooth_quartz_stairs":336,"create:cut_limestone":3,"minecraft:oak_leaves":28,"create:spout":48,"railways:track_coupler":2,"create:cut_tuff_bricks":1,"minecraft:sand":168,"railways:white_brass_wrapped_locometal":6,"minecraft:smooth_red_sandstone":1,"create:gray_toolbox":2,"minecraft:blue_ice":414,"minecraft:oxidized_cut_copper_slab":6,"create:polished_cut_crimsite":2,"railways:gray_locometal_boiler":2,"create:cut_limestone_stairs":1,"create:display_link":308,"create:copper_backtank":3,"minecraft:stone_button":50,"minecraft:verdant_froglight":64,"farmersdelight:wild_potatoes":2,"minecraft:lectern":6,"create:adjustable_chain_gearshift":61,"minecraft:polished_andesite_slab":11,"minecraft:white_stained_glass":128,"railways:lime_slashed_locometal":1,"create:steam_whistle":4,"create:purple_toolbox":2,"create:framed_glass":88,"create:limestone":2,"minecraft:iron_bars":24,"minecraft:acacia_log":1,"create:cut_granite_stairs":2,"minecraft:red_concrete":1,"railways:gray_conductor_cap":2,"railways:purple_locometal_boiler":2,"minecraft:mycelium":2,"create:veridium":2,"create:cut_calcite":1,"create:polished_cut_tuff":1,"minecraft:netherrack":13,"minecraft:orange_bed":1,"create:cut_asurine_brick_wall":1,"minecraft:light_gray_shulker_box":2,"railways:red_locometal_boiler":1,"create:turntable":2,"minecraft:anvil":61,"minecraft:ancient_debris":2,"minecraft:target":162,"extended_drawers:connector":2,"railways:blue_slashed_locometal":1,"minecraft:blue_concrete":1,"create:cut_limestone_bricks":3,"minecraft:polished_diorite":28,"minecraft:red_shulker_box":1,"railways:copycat_headstock_link_and_pin_linkless":1,"minecraft:cyan_shulker_box":2,"create:wrench":1181,"create:gearbox":719,"minecraft:slime_block":91,"minecraft:chicken_spawn_egg":4063,"create:cut_scorchia_bricks":1,"minecraft:smooth_quartz":59,"minecraft:lime_dye":2,"farmersdelight:magenta_canvas_sign":1,"minecraft:totem_of_undying":34,"create:polished_cut_ochrum_slab":1,"minecraft:blaze_spawn_egg":4,"create:polished_cut_calcite_stairs":304,"create:encased_chain_drive":1436,"minecraft:purple_concrete":1,"minecraft:glowstone":18,"create:gray_seat":1,"minecraft:iron_trapdoor":182,"farmersdelight:light_blue_canvas_sign":1,"farmersdelight:cooking_pot":1,"minecraft:pointed_dripstone":1,"create:content_observer":64,"minecraft:observer":280,"railways:cyan_locometal_boiler":2,"minecraft:magenta_dye":2,"farmersdelight:potato_crate":1,"create:smart_fluid_pipe":57,"railways:wooden_headstock_link_and_pin_linkless":2,"minecraft:crimson_stem":1,"minecraft:water_bucket":442,"extended_drawers:single_drawer":2,"minecraft:dirt_path":1,"minecraft:sandstone_stairs":3,"farmersdelight:tomato_crate":2,"farmersdelight:honey_glazed_ham_block":1,"minecraft:yellow_shulker_box":1,"minecraft:cartography_table":1,"create:waxed_copper_tiles":1,"create:cut_deepslate":1,"farmersdelight:canvas_sign":2,"minecraft:pink_concrete":1,"create:polished_cut_diorite":3,"minecraft:comparator":211,"create:encased_fan":161,"minecraft:tnt":16,"farmersdelight:wild_carrots":2,"minecraft:oak_slab":5,"minecraft:crafting_table":2,"create:cut_ochrum_bricks":1,"minecraft:birch_sign":111,"minecraft:lime_shulker_box":1,"minecraft:cake":2,"create:filter":44,"farmersdelight:brown_canvas_sign":1,"minecraft:oak_log":124,"create:track":57,"railways:jukeboxcart":1,"minecraft:light":2,"railways:smokestack_oilburner":1,"create:water_wheel":65,"minecraft:cyan_concrete":1,"farmersdelight:pink_canvas_sign":1,"farmersdelight:wild_rice":4,"create:magenta_toolbox":2,"railways:copycat_headstock_knuckle_coupler":1,"minecraft:cobblestone":7,"create:powered_latch":8,"minecraft:glass_pane":43,"minecraft:kelp":68,"create:small_asurine_brick_stairs":2,"farmersdelight:green_canvas_sign":1,"create:scorchia":2,"create:piston_extension_pole":74,"minecraft:white_concrete_powder":1,"extended_drawers:creative_upgrade":3,"farmersdelight:stove":1,"farmersdelight:birch_cabinet":1,"minecraft:purple_shulker_box":1,"create:small_scoria_bricks":1,"minecraft:bell":4,"minecraft:player_head":7,"betterend:end_lotus_planks":1,"create:polished_cut_asurine_stairs":1,"create:analog_lever":10,"create:mechanical_bearing":34,"create:small_asurine_bricks":2,"create:blue_seat":1,"create:cut_scoria_bricks":1,"farmersdelight:blue_canvas_sign":1,"farmersdelight:wild_onions":2,"create:metal_girder":2,"create:speedometer":69,"create:light_blue_toolbox":1,"railways:orange_conductor_cap":1,"minecraft:milk_bucket":10,"railways:fuel_tank":1,"minecraft:glass":4426,"create:small_scorchia_bricks":1,"farmersdelight:acacia_cabinet":1,"create:polished_cut_scoria":1,"railways:pink_locometal_boiler":1,"create:crafting_blueprint":16,"farmersdelight:cyan_canvas_sign":2,"farmersdelight:wild_cabbages":2,"create:polished_cut_scorchia":1,"create:yellow_toolbox":1,"farmersdelight:beetroot_crate":1,"create:millstone":6,"railways:red_slashed_locometal":1,"minecraft:bedrock":4,"create:small_calcite_bricks":1,"create:small_limestone_brick_wall":1,"minecraft:repeater":429,"minecraft:redstone_lamp":121,"farmersdelight:cutting_board":2,"create:cut_granite_bricks":1,"minecraft:gray_bed":1,"minecraft:polished_diorite_stairs":62,"farmersdelight:shepherds_pie_block":1,"minecraft:pearlescent_froglight":12,"create:cut_asurine_brick_stairs":2,"create:lime_toolbox":1,"create:small_tuff_bricks":1,"minecraft:elder_guardian_spawn_egg":1,"minecraft:birch_leaves":7,"create:blue_toolbox":1,"minecraft:ender_pearl":6,"minecraft:redstone_block":420,"minecraft:blue_bed":1,"farmersdelight:organic_compost":2,"create:cyan_seat":1,"create:track_station":16,"create:flywheel":27,"create:polished_cut_granite":1,"railways:white_conductor_cap":1,"railways:purple_slashed_locometal":1,"minecraft:black_bed":1,"minecraft:note_block":50,"railways:red_conductor_cap":1,"farmersdelight:black_canvas_sign":1,"minecraft:redstone_torch":847,"minecraft:green_concrete":1,"minecraft:black_concrete":1,"minecraft:firework_rocket":9,"createdeco:gold_coinstack":41,"create:polished_cut_limestone":2,"minecraft:gray_shulker_box":1,"minecraft:light_gray_concrete":1,"minecraft:cyan_bed":1,"create:cut_andesite_bricks":2,"minecraft:stripped_oak_wood":1,"farmersdelight:wild_tomatoes":2,"create:stressometer":34,"minecraft:andesite":3,"create:framed_glass_door":1,"farmersdelight:red_mushroom_colony":4,"create:cut_asurine":2,"create:small_andesite_bricks":2,"minecraft:white_concrete":1,"minecraft:tropical_fish_bucket":1,"railways:brown_locometal_boiler":3,"minecraft:oak_fence":68,"create:clipboard":21,"minecraft:trident":3,"create:small_asurine_brick_wall":1,"create:wooden_bracket":4,"railways:track_switch_brass":2,"create:item_vault":1367,"railways:conductor_vent":3,"create:cut_limestone_slab":1,"minecraft:spruce_planks":1,"create:polished_cut_deepslate_wall":1,"minecraft:oak_door":8,"create:mechanical_pump":222,"create:polished_cut_crimsite_slab":1,"minecraft:white_carpet":5,"create:green_toolbox":1,"minecraft:hopper":191,"create:copper_casing":8,"farmersdelight:carrot_crate":1,"create:attribute_filter":19,"minecraft:spruce_stairs":1,"minecraft:diamond_helmet":1,"minecraft:shulker_box":302,"create:mechanical_plough":29,"minecraft:pink_dye":2,"minecraft:salmon_bucket":3,"farmersdelight:stuffed_pumpkin_block":1,"railways:orange_brass_wrapped_locometal":35,"create:chute":599,"create:smart_chute":361,"farmersdelight:brown_mushroom_colony":4,"minecraft:dark_oak_planks":1,"betterend:aeternium_chestplate":1,"create:light_gray_toolbox":2,"create:hose_pulley":1,"create:cut_scoria":1,"create:cart_assembler":9,"minecraft:crimson_planks":1,"farmersdelight:mangrove_cabinet":1,"railways:black_locometal_boiler":2,"create:radial_chassis":29,"minecraft:emerald_block":1,"create:cut_limestone_brick_stairs":1,"create:small_veridium_bricks":1,"minecraft:stone_pressure_plate":96,"minecraft:red_dye":1,"minecraft:zombified_piglin_spawn_egg":42,"create:gantry_shaft":1,"railways:magenta_locometal_boiler":1,"minecraft:brown_bed":1,"railways:wooden_headstock_knuckle_coupler":1,"create:handheld_worldshaper":2,"minecraft:amethyst_block":4,"create:polished_cut_crimsite_wall":2,"create:empty_blaze_burner":28,"minecraft:copper_block":1,"minecraft:black_shulker_box":1,"minecraft:white_dye":12,"minecraft:stonecutter":1,"minecraft:glow_item_frame":31,"railways:magenta_conductor_cap":1,"create:cut_diorite_bricks":1,"betterend:spawn_egg_shadow_walker":3,"minecraft:lime_bed":1,"create:mechanical_harvester":76,"create:schematicannon":1,"farmersdelight:crimson_cabinet":1,"minecraft:painting":81,"create:polished_cut_veridium":1,"create:sail_frame":2,"create:linear_chassis":62,"farmersdelight:hot_cocoa":1,"minecraft:activator_rail":16,"create:small_limestone_brick_slab":1,"create:windmill_bearing":20,"railways:track_monorail":12,"create:orange_toolbox":1,"farmersdelight:yellow_canvas_sign":1,"minecraft:netherite_axe":11,"create:small_asurine_brick_slab":1,"minecraft:green_shulker_box":1,"minecraft:white_banner":1,"minecraft:bucket":1,"minecraft:yellow_bed":1,"minecraft:magenta_glazed_terracotta":30,"create:creative_fluid_tank":8,"create:display_board":96,"create:hand_crank":17,"create:pulse_repeater":18,"minecraft:purple_carpet":1,"minecraft:smooth_stone":1968,"minecraft:splash_potion":3}},"DataVersion":3465}