{
  "minecraft:recipes/decorations/crafting_table": {
    "criteria": {
      "unlock_right_away": "2024-08-21 17:16:44 +0800"
    },
    "done": true
  },
  "minecraft:story/enter_the_nether": {
    "criteria": {
      "entered_nether": "2024-08-21 17:16:44 +0800"
    },
    "done": true
  },
  "minecraft:nether/root": {
    "criteria": {
      "entered_nether": "2024-08-21 17:16:44 +0800"
    },
    "done": true
  },
  "minecraft:nether/explore_nether": {
    "criteria": {
      "minecraft:soul_sand_valley": "2024-08-21 17:16:45 +0800"
    },
    "done": false
  },
  "betterend:root": {
    "criteria": {
      "welcome": "2024-08-21 17:16:45 +0800"
    },
    "done": true
  },
  "create:root": {
    "criteria": {
      "0": "2024-08-21 23:13:29 +0800"
    },
    "done": true
  },
  "farmersdelight:main/root": {
    "criteria": {
      "seeds": "2024-08-21 23:13:29 +0800"
    },
    "done": true
  },
  "DataVersion": 3465
}