{
  "create:root": {
    "criteria": {
      "0": "2024-06-14 13:10:20 +0800"
    },
    "done": true
  },
  "minecraft:recipes/decorations/crafting_table": {
    "criteria": {
      "unlock_right_away": "2024-06-14 13:10:11 +0800"
    },
    "done": true
  },
  "betterend:root": {
    "criteria": {
      "welcome": "2024-06-14 13:10:11 +0800"
    },
    "done": true
  },
  "farmersdelight:main/root": {
    "criteria": {
      "seeds": "2024-06-14 13:10:20 +0800"
    },
    "done": true
  },
  "minecraft:adventure/adventuring_time": {
    "criteria": {
      "minecraft:plains": "2024-06-14 13:10:11 +0800"
    },
    "done": false
  },
  "DataVersion": 3465
}