{
  "minecraft:recipes/decorations/crafting_table": {
    "criteria": {
      "unlock_right_away": "2024-08-02 14:14:55 +0800"
    },
    "done": true
  },
  "betterend:root": {
    "criteria": {
      "welcome": "2024-08-02 14:14:56 +0800"
    },
    "done": true
  },
  "minecraft:adventure/adventuring_time": {
    "criteria": {
      "minecraft:plains": "2024-08-02 14:14:56 +0800"
    },
    "done": false
  },
  "create:root": {
    "criteria": {
      "0": "2024-08-02 14:15:01 +0800"
    },
    "done": true
  },
  "farmersdelight:main/root": {
    "criteria": {
      "seeds": "2024-08-02 14:15:01 +0800"
    },
    "done": true
  },
  "DataVersion": 3465
}