{
  "minecraft:recipes/decorations/crafting_table": {
    "criteria": {
      "unlock_right_away": "2024-06-16 19:45:43 +0800"
    },
    "done": true
  },
  "minecraft:story/enter_the_nether": {
    "criteria": {
      "entered_nether": "2024-06-16 19:45:43 +0800"
    },
    "done": true
  },
  "minecraft:nether/root": {
    "criteria": {
      "entered_nether": "2024-06-16 19:45:43 +0800"
    },
    "done": true
  },
  "minecraft:nether/explore_nether": {
    "criteria": {
      "minecraft:soul_sand_valley": "2024-06-16 19:45:44 +0800"
    },
    "done": false
  },
  "betterend:root": {
    "criteria": {
      "welcome": "2024-06-16 19:45:44 +0800"
    },
    "done": true
  },
  "create:root": {
    "criteria": {
      "0": "2024-06-16 19:45:46 +0800"
    },
    "done": true
  },
  "farmersdelight:main/root": {
    "criteria": {
      "seeds": "2024-06-16 19:45:46 +0800"
    },
    "done": true
  },
  "minecraft:adventure/adventuring_time": {
    "criteria": {
      "minecraft:plains": "2024-07-08 14:59:13 +0800"
    },
    "done": false
  },
  "DataVersion": 3465
}