{
  "minecraft:recipes/decorations/crafting_table": {
    "criteria": {
      "unlock_right_away": "2024-08-09 10:50:13 +0800"
    },
    "done": true
  },
  "betterend:root": {
    "criteria": {
      "welcome": "2024-08-09 10:50:14 +0800"
    },
    "done": true
  },
  "minecraft:adventure/adventuring_time": {
    "criteria": {
      "minecraft:plains": "2024-08-09 10:50:14 +0800"
    },
    "done": false
  },
  "minecraft:nether/explore_nether": {
    "criteria": {
      "minecraft:crimson_forest": "2024-08-13 11:23:06 +0800",
      "minecraft:soul_sand_valley": "2024-08-09 10:53:47 +0800",
      "minecraft:nether_wastes": "2024-08-13 11:26:24 +0800",
      "minecraft:basalt_deltas": "2024-08-13 11:26:25 +0800"
    },
    "done": false
  },
  "minecraft:story/enter_the_nether": {
    "criteria": {
      "entered_nether": "2024-08-09 10:53:47 +0800"
    },
    "done": true
  },
  "minecraft:nether/root": {
    "criteria": {
      "entered_nether": "2024-08-09 10:53:47 +0800"
    },
    "done": true
  },
  "minecraft:story/enter_the_end": {
    "criteria": {
      "entered_end": "2024-08-09 10:54:58 +0800"
    },
    "done": true
  },
  "betterend:enter_end": {
    "criteria": {
      "entered_end": "2024-08-09 10:54:58 +0800"
    },
    "done": true
  },
  "minecraft:end/root": {
    "criteria": {
      "entered_end": "2024-08-09 10:54:58 +0800"
    },
    "done": true
  },
  "create:root": {
    "criteria": {
      "0": "2024-08-09 10:55:40 +0800"
    },
    "done": true
  },
  "farmersdelight:main/root": {
    "criteria": {
      "seeds": "2024-08-09 10:55:40 +0800"
    },
    "done": true
  },
  "create:recipes/combat/crafting/appliances/netherite_diving_helmet_from_netherite": {
    "criteria": {
      "has_item": "2024-08-09 10:57:33 +0800"
    },
    "done": true
  },
  "create:recipes/combat/crafting/appliances/netherite_backtank_from_netherite": {
    "criteria": {
      "has_item": "2024-08-09 10:57:35 +0800"
    },
    "done": true
  },
  "minecraft:nether/netherite_armor": {
    "criteria": {
      "netherite_armor": "2024-08-09 10:57:38 +0800"
    },
    "done": true
  },
  "create:recipes/combat/crafting/appliances/netherite_diving_boots_from_netherite": {
    "criteria": {
      "has_item": "2024-08-09 10:57:38 +0800"
    },
    "done": true
  },
  "betterend:aeternium_armor": {
    "criteria": {
      "got_aeternium_boots": "2024-08-13 11:35:49 +0800",
      "got_aeternium_chestplate": "2024-08-09 10:58:16 +0800",
      "got_aeternium_helmet": "2024-08-09 10:58:15 +0800",
      "got_aeternium_leggings": "2024-08-13 11:35:46 +0800"
    },
    "done": true
  },
  "minecraft:recipes/decorations/chest": {
    "criteria": {
      "has_lots_of_items": "2024-08-09 10:58:23 +0800"
    },
    "done": true
  },
  "betterend:all_elytras": {
    "criteria": {
      "crystalite": "2024-08-09 10:58:28 +0800",
      "armored": "2024-08-09 10:58:29 +0800",
      "vanilla": "2024-08-13 11:39:25 +0800"
    },
    "done": true
  },
  "betterend:recipes/misc/terminite_hammer_nugget_blasting": {
    "criteria": {
      "has_item.betterend.terminite_hammer": "2024-08-09 10:59:54 +0800"
    },
    "done": true
  },
  "betterend:recipes/misc/terminite_hammer_nugget_smelting": {
    "criteria": {
      "has_item.betterend.terminite_hammer": "2024-08-09 10:59:54 +0800"
    },
    "done": true
  },
  "betterend:hammer": {
    "criteria": {
      "got_terminite_hammer": "2024-08-09 10:59:54 +0800"
    },
    "done": true
  },
  "betterend:recipes/misc/terminite_hoe_nugget_smelting": {
    "criteria": {
      "has_item.betterend.terminite_hoe": "2024-08-09 10:59:55 +0800"
    },
    "done": true
  },
  "betterend:recipes/misc/terminite_hoe_nugget_blasting": {
    "criteria": {
      "has_item.betterend.terminite_hoe": "2024-08-09 10:59:55 +0800"
    },
    "done": true
  },
  "betterend:terminite_tool": {
    "criteria": {
      "got_terminite_hoe": "2024-08-09 10:59:55 +0800"
    },
    "done": true
  },
  "betterend:recipes/misc/terminite_axe_nugget_blasting": {
    "criteria": {
      "has_item.betterend.terminite_axe": "2024-08-09 10:59:56 +0800"
    },
    "done": true
  },
  "betterend:recipes/misc/terminite_axe_nugget_smelting": {
    "criteria": {
      "has_item.betterend.terminite_axe": "2024-08-09 10:59:56 +0800"
    },
    "done": true
  },
  "betterend:recipes/misc/terminite_pickaxe_nugget_smelting": {
    "criteria": {
      "has_item.betterend.terminite_pickaxe": "2024-08-09 10:59:58 +0800"
    },
    "done": true
  },
  "betterend:recipes/misc/terminite_pickaxe_nugget_blasting": {
    "criteria": {
      "has_item.betterend.terminite_pickaxe": "2024-08-09 10:59:58 +0800"
    },
    "done": true
  },
  "betterend:recipes/misc/terminite_sword_nugget_blasting": {
    "criteria": {
      "has_item.betterend.terminite_sword": "2024-08-09 11:00:00 +0800"
    },
    "done": true
  },
  "betterend:recipes/misc/terminite_sword_nugget_smelting": {
    "criteria": {
      "has_item.betterend.terminite_sword": "2024-08-09 11:00:00 +0800"
    },
    "done": true
  },
  "minecraft:recipes/misc/mojang_banner_pattern": {
    "criteria": {
      "has_enchanted_golden_apple": "2024-08-09 11:03:30 +0800"
    },
    "done": true
  },
  "minecraft:husbandry/root": {
    "criteria": {
      "consumed_item": "2024-08-09 11:03:53 +0800"
    },
    "done": true
  },
  "minecraft:husbandry/balanced_diet": {
    "criteria": {
      "enchanted_golden_apple": "2024-08-09 11:03:53 +0800"
    },
    "done": false
  },
  "minecraft:recipes/decorations/ladder": {
    "criteria": {
      "has_stick": "2024-08-09 11:31:29 +0800"
    },
    "done": true
  },
  "betterend:recipes/decorations/lacugrove_bar_stool": {
    "criteria": {
      "has_stick": "2024-08-09 11:31:29 +0800"
    },
    "done": true
  },
  "betterend:recipes/decorations/lucernia_chair": {
    "criteria": {
      "has_stick": "2024-08-09 11:31:29 +0800"
    },
    "done": true
  },
  "betterend:recipes/decorations/lacugrove_taburet": {
    "criteria": {
      "has_stick": "2024-08-09 11:31:29 +0800"
    },
    "done": true
  },
  "betterend:recipes/decorations/helix_tree_sign": {
    "criteria": {
      "has_stick": "2024-08-09 11:31:29 +0800"
    },
    "done": true
  },
  "betterend:recipes/decorations/jellyshroom_chair": {
    "criteria": {
      "has_stick": "2024-08-09 11:31:29 +0800"
    },
    "done": true
  },
  "betterend:recipes/decorations/lacugrove_ladder": {
    "criteria": {
      "has_stick": "2024-08-09 11:31:29 +0800"
    },
    "done": true
  },
  "betterend:recipes/decorations/end_lotus_ladder": {
    "criteria": {
      "has_stick": "2024-08-09 11:31:29 +0800"
    },
    "done": true
  },
  "betterend:recipes/decorations/tenanea_taburet": {
    "criteria": {
      "has_stick": "2024-08-09 11:31:29 +0800"
    },
    "done": true
  },
  "minecraft:recipes/tools/wooden_axe": {
    "criteria": {
      "has_stick": "2024-08-09 11:31:29 +0800"
    },
    "done": true
  },
  "betterend:recipes/decorations/pythadendron_fence": {
    "criteria": {
      "has_stick": "2024-08-09 11:31:29 +0800"
    },
    "done": true
  },
  "vinery:grapevine_lattice": {
    "criteria": {
      "has_stick": "2024-08-09 11:31:29 +0800"
    },
    "done": true
  },
  "betterend:recipes/decorations/lacugrove_chair": {
    "criteria": {
      "has_stick": "2024-08-09 11:31:29 +0800"
    },
    "done": true
  },
  "betterend:recipes/redstone/umbrella_tree_gate": {
    "criteria": {
      "has_stick": "2024-08-09 11:31:29 +0800"
    },
    "done": true
  },
  "betterend:recipes/decorations/lucernia_fence": {
    "criteria": {
      "has_stick": "2024-08-09 11:31:29 +0800"
    },
    "done": true
  },
  "betterend:recipes/decorations/umbrella_tree_fence": {
    "criteria": {
      "has_stick": "2024-08-09 11:31:29 +0800"
    },
    "done": true
  },
  "betterend:recipes/decorations/helix_tree_bar_stool": {
    "criteria": {
      "has_stick": "2024-08-09 11:31:29 +0800"
    },
    "done": true
  },
  "betterend:recipes/decorations/jellyshroom_sign": {
    "criteria": {
      "has_stick": "2024-08-09 11:31:29 +0800"
    },
    "done": true
  },
  "betterend:recipes/redstone/tenanea_gate": {
    "criteria": {
      "has_stick": "2024-08-09 11:31:29 +0800"
    },
    "done": true
  },
  "betterend:recipes/decorations/dragon_tree_taburet": {
    "criteria": {
      "has_stick": "2024-08-09 11:31:29 +0800"
    },
    "done": true
  },
  "betterend:recipes/decorations/jellyshroom_fence": {
    "criteria": {
      "has_stick": "2024-08-09 11:31:29 +0800"
    },
    "done": true
  },
  "betterend:recipes/decorations/lucernia_sign": {
    "criteria": {
      "has_stick": "2024-08-09 11:31:29 +0800"
    },
    "done": true
  },
  "betterend:recipes/decorations/helix_tree_fence": {
    "criteria": {
      "has_stick": "2024-08-09 11:31:29 +0800"
    },
    "done": true
  },
  "betterend:recipes/redstone/pythadendron_gate": {
    "criteria": {
      "has_stick": "2024-08-09 11:31:29 +0800"
    },
    "done": true
  },
  "betterend:recipes/misc/copy_tool_assembly": {
    "criteria": {
      "has_stick": "2024-08-09 11:31:29 +0800"
    },
    "done": true
  },
  "betterend:recipes/decorations/helix_tree_ladder": {
    "criteria": {
      "has_stick": "2024-08-09 11:31:29 +0800"
    },
    "done": true
  },
  "betterend:recipes/decorations/lacugrove_sign": {
    "criteria": {
      "has_stick": "2024-08-09 11:31:29 +0800"
    },
    "done": true
  },
  "betterend:recipes/decorations/umbrella_tree_ladder": {
    "criteria": {
      "has_stick": "2024-08-09 11:31:29 +0800"
    },
    "done": true
  },
  "minecraft:recipes/decorations/campfire": {
    "criteria": {
      "has_stick": "2024-08-09 11:31:29 +0800"
    },
    "done": true
  },
  "minecraft:recipes/tools/wooden_hoe": {
    "criteria": {
      "has_stick": "2024-08-09 11:31:29 +0800"
    },
    "done": true
  },
  "betterend:recipes/decorations/pythadendron_chair": {
    "criteria": {
      "has_stick": "2024-08-09 11:31:29 +0800"
    },
    "done": true
  },
  "betterend:recipes/decorations/pythadendron_ladder": {
    "criteria": {
      "has_stick": "2024-08-09 11:31:29 +0800"
    },
    "done": true
  },
  "betterend:recipes/decorations/umbrella_tree_chair": {
    "criteria": {
      "has_stick": "2024-08-09 11:31:29 +0800"
    },
    "done": true
  },
  "betterend:recipes/misc/golden_hammer": {
    "criteria": {
      "has_stick": "2024-08-09 11:31:29 +0800"
    },
    "done": true
  },
  "betterend:recipes/decorations/end_lotus_taburet": {
    "criteria": {
      "has_stick": "2024-08-09 11:31:29 +0800"
    },
    "done": true
  },
  "betterend:recipes/decorations/dragon_tree_ladder": {
    "criteria": {
      "has_stick": "2024-08-09 11:31:29 +0800"
    },
    "done": true
  },
  "minecraft:recipes/tools/wooden_shovel": {
    "criteria": {
      "has_stick": "2024-08-09 11:31:29 +0800"
    },
    "done": true
  },
  "betterend:recipes/decorations/umbrella_tree_sign": {
    "criteria": {
      "has_stick": "2024-08-09 11:31:29 +0800"
    },
    "done": true
  },
  "betterend:recipes/decorations/dragon_tree_bar_stool": {
    "criteria": {
      "has_stick": "2024-08-09 11:31:29 +0800"
    },
    "done": true
  },
  "betterend:recipes/decorations/end_lotus_sign": {
    "criteria": {
      "has_stick": "2024-08-09 11:31:29 +0800"
    },
    "done": true
  },
  "minecraft:recipes/combat/wooden_sword": {
    "criteria": {
      "has_stick": "2024-08-09 11:31:29 +0800"
    },
    "done": true
  },
  "betterend:recipes/decorations/lucernia_ladder": {
    "criteria": {
      "has_stick": "2024-08-09 11:31:29 +0800"
    },
    "done": true
  },
  "betterend:recipes/decorations/helix_tree_taburet": {
    "criteria": {
      "has_stick": "2024-08-09 11:31:29 +0800"
    },
    "done": true
  },
  "betterend:recipes/decorations/pythadendron_taburet": {
    "criteria": {
      "has_stick": "2024-08-09 11:31:29 +0800"
    },
    "done": true
  },
  "betterend:recipes/decorations/tenanea_chair": {
    "criteria": {
      "has_stick": "2024-08-09 11:31:29 +0800"
    },
    "done": true
  },
  "betterend:recipes/decorations/tenanea_sign": {
    "criteria": {
      "has_stick": "2024-08-09 11:31:29 +0800"
    },
    "done": true
  },
  "betterend:recipes/redstone/mossy_glowshroom_gate": {
    "criteria": {
      "has_stick": "2024-08-09 11:31:29 +0800"
    },
    "done": true
  },
  "betterend:recipes/decorations/helix_tree_chair": {
    "criteria": {
      "has_stick": "2024-08-09 11:31:29 +0800"
    },
    "done": true
  },
  "betterend:recipes/decorations/end_lotus_chair": {
    "criteria": {
      "has_stick": "2024-08-09 11:31:29 +0800"
    },
    "done": true
  },
  "betterend:recipes/decorations/mossy_glowshroom_bar_stool": {
    "criteria": {
      "has_stick": "2024-08-09 11:31:29 +0800"
    },
    "done": true
  },
  "betterend:recipes/misc/leather_wrapped_stick": {
    "criteria": {
      "has_stick": "2024-08-09 11:31:29 +0800"
    },
    "done": true
  },
  "betterend:recipes/decorations/dragon_tree_fence": {
    "criteria": {
      "has_stick": "2024-08-09 11:31:29 +0800"
    },
    "done": true
  },
  "betterend:recipes/decorations/mossy_glowshroom_sign": {
    "criteria": {
      "has_stick": "2024-08-09 11:31:29 +0800"
    },
    "done": true
  },
  "betterend:recipes/misc/copy_terminite_upgrade": {
    "criteria": {
      "has_stick": "2024-08-09 11:31:29 +0800"
    },
    "done": true
  },
  "betterend:recipes/decorations/tenanea_bar_stool": {
    "criteria": {
      "has_stick": "2024-08-09 11:31:29 +0800"
    },
    "done": true
  },
  "farmersdelight:recipes/farmersdelight/flint_knife": {
    "criteria": {
      "has_stick": "2024-08-09 11:31:29 +0800"
    },
    "done": true
  },
  "betterend:recipes/decorations/tenanea_fence": {
    "criteria": {
      "has_stick": "2024-08-09 11:31:29 +0800"
    },
    "done": true
  },
  "farmersdelight:recipes/farmersdelight/cutting_board": {
    "criteria": {
      "has_stick": "2024-08-09 11:31:29 +0800"
    },
    "done": true
  },
  "betterend:recipes/decorations/lucernia_bar_stool": {
    "criteria": {
      "has_stick": "2024-08-09 11:31:29 +0800"
    },
    "done": true
  },
  "betterend:recipes/redstone/helix_tree_gate": {
    "criteria": {
      "has_stick": "2024-08-09 11:31:29 +0800"
    },
    "done": true
  },
  "betterend:recipes/decorations/pythadendron_sign": {
    "criteria": {
      "has_stick": "2024-08-09 11:31:29 +0800"
    },
    "done": true
  },
  "bclib:recipes/transportation/tag_rail": {
    "criteria": {
      "has_stick": "2024-08-09 11:31:29 +0800"
    },
    "done": true
  },
  "betterend:recipes/decorations/mossy_glowshroom_chair": {
    "criteria": {
      "has_stick": "2024-08-09 11:31:29 +0800"
    },
    "done": true
  },
  "betterend:recipes/misc/copy_handle_attachment": {
    "criteria": {
      "has_stick": "2024-08-09 11:31:29 +0800"
    },
    "done": true
  },
  "betterend:recipes/decorations/end_lotus_bar_stool": {
    "criteria": {
      "has_stick": "2024-08-09 11:31:29 +0800"
    },
    "done": true
  },
  "betterend:recipes/misc/iron_hammer": {
    "criteria": {
      "has_stick": "2024-08-09 11:31:29 +0800"
    },
    "done": true
  },
  "betterend:recipes/redstone/end_lotus_gate": {
    "criteria": {
      "has_stick": "2024-08-09 11:31:29 +0800"
    },
    "done": true
  },
  "betterend:recipes/redstone/lacugrove_gate": {
    "criteria": {
      "has_stick": "2024-08-09 11:31:29 +0800"
    },
    "done": true
  },
  "betterend:recipes/decorations/pythadendron_bar_stool": {
    "criteria": {
      "has_stick": "2024-08-09 11:31:29 +0800"
    },
    "done": true
  },
  "betterend:recipes/misc/terminite_sword_handle": {
    "criteria": {
      "has_item.minecraft.stick": "2024-08-09 11:31:29 +0800"
    },
    "done": true
  },
  "betterend:recipes/misc/thallasium_sword_handle": {
    "criteria": {
      "has_item.minecraft.stick": "2024-08-09 11:31:29 +0800"
    },
    "done": true
  },
  "betterend:recipes/decorations/jellyshroom_ladder": {
    "criteria": {
      "has_stick": "2024-08-09 11:31:29 +0800"
    },
    "done": true
  },
  "betterend:recipes/misc/copy_thallasium_upgrade": {
    "criteria": {
      "has_stick": "2024-08-09 11:31:29 +0800"
    },
    "done": true
  },
  "betterend:recipes/decorations/end_lotus_fence": {
    "criteria": {
      "has_stick": "2024-08-09 11:31:29 +0800"
    },
    "done": true
  },
  "vinery:cherry_fence_gate": {
    "criteria": {
      "has_stick": "2024-08-09 11:31:29 +0800"
    },
    "done": true
  },
  "betterend:recipes/redstone/jellyshroom_gate": {
    "criteria": {
      "has_stick": "2024-08-09 11:31:29 +0800"
    },
    "done": true
  },
  "minecraft:recipes/tools/wooden_pickaxe": {
    "criteria": {
      "has_stick": "2024-08-09 11:31:29 +0800"
    },
    "done": true
  },
  "betterend:recipes/decorations/jellyshroom_taburet": {
    "criteria": {
      "has_stick": "2024-08-09 11:31:29 +0800"
    },
    "done": true
  },
  "betterend:recipes/decorations/jellyshroom_bar_stool": {
    "criteria": {
      "has_stick": "2024-08-09 11:31:29 +0800"
    },
    "done": true
  },
  "betterend:recipes/redstone/lucernia_gate": {
    "criteria": {
      "has_stick": "2024-08-09 11:31:29 +0800"
    },
    "done": true
  },
  "betterend:recipes/decorations/lucernia_taburet": {
    "criteria": {
      "has_stick": "2024-08-09 11:31:29 +0800"
    },
    "done": true
  },
  "betterend:recipes/misc/diamond_hammer": {
    "criteria": {
      "has_stick": "2024-08-09 11:31:29 +0800"
    },
    "done": true
  },
  "vinery:cherry_fence": {
    "criteria": {
      "has_stick": "2024-08-09 11:31:29 +0800"
    },
    "done": true
  },
  "betterend:recipes/decorations/lacugrove_fence": {
    "criteria": {
      "has_stick": "2024-08-09 11:31:29 +0800"
    },
    "done": true
  },
  "betterend:recipes/redstone/dragon_tree_gate": {
    "criteria": {
      "has_stick": "2024-08-09 11:31:29 +0800"
    },
    "done": true
  },
  "betterend:recipes/decorations/umbrella_tree_bar_stool": {
    "criteria": {
      "has_stick": "2024-08-09 11:31:29 +0800"
    },
    "done": true
  },
  "vinery:campfire": {
    "criteria": {
      "has_stick": "2024-08-09 11:31:29 +0800",
      "has_the_recipe": "2024-08-09 11:31:29 +0800"
    },
    "done": true
  },
  "betterend:recipes/decorations/umbrella_tree_taburet": {
    "criteria": {
      "has_stick": "2024-08-09 11:31:29 +0800"
    },
    "done": true
  },
  "betterend:recipes/decorations/tenanea_ladder": {
    "criteria": {
      "has_stick": "2024-08-09 11:31:29 +0800"
    },
    "done": true
  },
  "betterend:recipes/decorations/mossy_glowshroom_taburet": {
    "criteria": {
      "has_stick": "2024-08-09 11:31:29 +0800"
    },
    "done": true
  },
  "betterend:recipes/decorations/mossy_glowshroom_fence": {
    "criteria": {
      "has_stick": "2024-08-09 11:31:29 +0800"
    },
    "done": true
  },
  "betterend:recipes/decorations/mossy_glowshroom_ladder": {
    "criteria": {
      "has_stick": "2024-08-09 11:31:29 +0800"
    },
    "done": true
  },
  "betterend:recipes/decorations/dragon_tree_sign": {
    "criteria": {
      "has_stick": "2024-08-09 11:31:29 +0800"
    },
    "done": true
  },
  "betterend:recipes/decorations/dragon_tree_chair": {
    "criteria": {
      "has_stick": "2024-08-09 11:31:29 +0800"
    },
    "done": true
  },
  "minecraft:adventure/fall_from_world_height": {
    "criteria": {
      "fall_from_world_height": "2024-08-09 12:30:19 +0800"
    },
    "done": true
  },
  "minecraft:recipes/transportation/cherry_boat": {
    "criteria": {
      "in_water": "2024-08-09 12:34:38 +0800"
    },
    "done": true
  },
  "minecraft:recipes/transportation/bamboo_raft": {
    "criteria": {
      "in_water": "2024-08-09 12:34:38 +0800"
    },
    "done": true
  },
  "minecraft:recipes/transportation/acacia_boat": {
    "criteria": {
      "in_water": "2024-08-09 12:34:38 +0800"
    },
    "done": true
  },
  "minecraft:recipes/transportation/jungle_boat": {
    "criteria": {
      "in_water": "2024-08-09 12:34:38 +0800"
    },
    "done": true
  },
  "minecraft:recipes/transportation/spruce_boat": {
    "criteria": {
      "in_water": "2024-08-09 12:34:38 +0800"
    },
    "done": true
  },
  "minecraft:recipes/transportation/birch_boat": {
    "criteria": {
      "in_water": "2024-08-09 12:34:38 +0800"
    },
    "done": true
  },
  "minecraft:recipes/transportation/oak_boat": {
    "criteria": {
      "in_water": "2024-08-09 12:34:38 +0800"
    },
    "done": true
  },
  "minecraft:recipes/transportation/mangrove_boat": {
    "criteria": {
      "in_water": "2024-08-09 12:34:38 +0800"
    },
    "done": true
  },
  "minecraft:recipes/transportation/dark_oak_boat": {
    "criteria": {
      "in_water": "2024-08-09 12:34:38 +0800"
    },
    "done": true
  },
  "bclib:recipes/tools/tag_compass": {
    "criteria": {
      "has_redstone": "2024-08-09 12:51:55 +0800"
    },
    "done": true
  },
  "minecraft:recipes/redstone/redstone_torch": {
    "criteria": {
      "has_redstone": "2024-08-09 12:51:55 +0800"
    },
    "done": true
  },
  "create:recipes/misc/crafting/logistics/pulse_extender": {
    "criteria": {
      "has_item": "2024-08-09 12:51:55 +0800"
    },
    "done": true
  },
  "create:recipes/misc/crafting/logistics/pulse_repeater": {
    "criteria": {
      "has_item": "2024-08-09 12:51:55 +0800"
    },
    "done": true
  },
  "minecraft:recipes/redstone/target": {
    "criteria": {
      "has_redstone": "2024-08-09 12:51:55 +0800"
    },
    "done": true
  },
  "minecraft:recipes/transportation/activator_rail": {
    "criteria": {
      "has_rail": "2024-08-09 12:51:55 +0800"
    },
    "done": true
  },
  "minecraft:recipes/tools/compass": {
    "criteria": {
      "has_redstone": "2024-08-09 12:51:55 +0800"
    },
    "done": true
  },
  "minecraft:recipes/redstone/redstone_block": {
    "criteria": {
      "has_redstone": "2024-08-09 12:51:55 +0800"
    },
    "done": true
  },
  "bclib:recipes/redstone/tag_piston": {
    "criteria": {
      "has_redstone": "2024-08-09 12:51:55 +0800"
    },
    "done": true
  },
  "minecraft:recipes/transportation/powered_rail": {
    "criteria": {
      "has_rail": "2024-08-09 12:51:55 +0800"
    },
    "done": true
  },
  "minecraft:recipes/tools/clock": {
    "criteria": {
      "has_redstone": "2024-08-09 12:51:55 +0800"
    },
    "done": true
  },
  "create:recipes/misc/crafting/logistics/powered_latch": {
    "criteria": {
      "has_item": "2024-08-09 12:51:55 +0800"
    },
    "done": true
  },
  "minecraft:recipes/redstone/note_block": {
    "criteria": {
      "has_redstone": "2024-08-09 12:51:55 +0800"
    },
    "done": true
  },
  "minecraft:recipes/transportation/detector_rail": {
    "criteria": {
      "has_rail": "2024-08-09 12:51:55 +0800"
    },
    "done": true
  },
  "create:recipes/misc/crafting/logistics/powered_toggle_latch": {
    "criteria": {
      "has_item": "2024-08-09 12:51:55 +0800"
    },
    "done": true
  },
  "minecraft:recipes/redstone/dropper": {
    "criteria": {
      "has_redstone": "2024-08-09 12:51:55 +0800"
    },
    "done": true
  },
  "create:recipes/misc/crafting/materials/rose_quartz": {
    "criteria": {
      "has_item": "2024-08-09 12:51:55 +0800"
    },
    "done": true
  },
  "minecraft:recipes/redstone/piston": {
    "criteria": {
      "has_redstone": "2024-08-09 12:51:55 +0800"
    },
    "done": true
  },
  "minecraft:recipes/combat/diamond_sword": {
    "criteria": {
      "has_diamond": "2024-08-09 12:54:40 +0800"
    },
    "done": true
  },
  "minecraft:recipes/decorations/jukebox": {
    "criteria": {
      "has_diamond": "2024-08-09 12:54:40 +0800"
    },
    "done": true
  },
  "minecraft:recipes/combat/diamond_chestplate": {
    "criteria": {
      "has_diamond": "2024-08-09 12:54:40 +0800"
    },
    "done": true
  },
  "minecraft:recipes/tools/diamond_pickaxe": {
    "criteria": {
      "has_diamond": "2024-08-09 12:54:40 +0800"
    },
    "done": true
  },
  "minecraft:recipes/tools/diamond_hoe": {
    "criteria": {
      "has_diamond": "2024-08-09 12:54:40 +0800"
    },
    "done": true
  },
  "minecraft:recipes/tools/diamond_shovel": {
    "criteria": {
      "has_diamond": "2024-08-09 12:54:40 +0800"
    },
    "done": true
  },
  "minecraft:recipes/combat/diamond_helmet": {
    "criteria": {
      "has_diamond": "2024-08-09 12:54:40 +0800"
    },
    "done": true
  },
  "betterend:recipes/misc/copy_aeternium_upgrade": {
    "criteria": {
      "has_diamond": "2024-08-09 12:54:40 +0800"
    },
    "done": true
  },
  "minecraft:recipes/building_blocks/diamond_block": {
    "criteria": {
      "has_diamond": "2024-08-09 12:54:40 +0800"
    },
    "done": true
  },
  "minecraft:story/mine_diamond": {
    "criteria": {
      "diamond": "2024-08-09 12:54:40 +0800"
    },
    "done": true
  },
  "minecraft:recipes/combat/diamond_leggings": {
    "criteria": {
      "has_diamond": "2024-08-09 12:54:40 +0800"
    },
    "done": true
  },
  "betterend:recipes/misc/copy_plate_upgrade": {
    "criteria": {
      "has_diamond": "2024-08-09 12:54:40 +0800"
    },
    "done": true
  },
  "createoreexcavation:recipes/misc/diamond_drill": {
    "criteria": {
      "diamond": "2024-08-09 12:54:40 +0800"
    },
    "done": true
  },
  "betterend:recipes/misc/copy_netherite_upgrade": {
    "criteria": {
      "has_diamond": "2024-08-09 12:54:40 +0800"
    },
    "done": true
  },
  "farmersdelight:recipes/farmersdelight/diamond_knife": {
    "criteria": {
      "has_diamond": "2024-08-09 12:54:40 +0800"
    },
    "done": true
  },
  "minecraft:recipes/combat/diamond_boots": {
    "criteria": {
      "has_diamond": "2024-08-09 12:54:40 +0800"
    },
    "done": true
  },
  "minecraft:recipes/tools/diamond_axe": {
    "criteria": {
      "has_diamond": "2024-08-09 12:54:40 +0800"
    },
    "done": true
  },
  "betterend:recipes/misc/copy_leather_handle_attachment": {
    "criteria": {
      "has_diamond": "2024-08-09 12:54:40 +0800"
    },
    "done": true
  },
  "minecraft:recipes/redstone/repeater": {
    "criteria": {
      "has_redstone_torch": "2024-08-13 11:25:36 +0800"
    },
    "done": true
  },
  "create:wrench_goggles": {
    "criteria": {
      "0": "2024-08-13 11:27:11 +0800"
    },
    "done": false
  },
  "minecraft:recipes/misc/green_dye": {
    "criteria": {
      "has_cactus": "2024-08-13 11:29:45 +0800"
    },
    "done": true
  },
  "betterend:recipes/misc/guide_book": {
    "criteria": {
      "has_ender_dust": "2024-08-13 11:35:17 +0800"
    },
    "done": true
  },
  "betterend:recipes/misc/ender_shard_to_dust": {
    "criteria": {
      "has_item.betterend.ender_shard": "2024-08-13 11:35:18 +0800"
    },
    "done": true
  },
  "betterend:recipes/misc/aeternium_hoe_head": {
    "criteria": {
      "has_item.betterend.aeternium_ingot": "2024-08-13 11:35:19 +0800"
    },
    "done": true
  },
  "betterend:recipes/misc/aeternium_block": {
    "criteria": {
      "has_aeternium_ingot": "2024-08-13 11:35:19 +0800"
    },
    "done": true
  },
  "betterend:recipes/misc/aeternium_pickaxe_head": {
    "criteria": {
      "has_item.betterend.aeternium_ingot": "2024-08-13 11:35:19 +0800"
    },
    "done": true
  },
  "betterend:recipes/misc/aeternium_axe_head": {
    "criteria": {
      "has_item.betterend.aeternium_ingot": "2024-08-13 11:35:19 +0800"
    },
    "done": true
  },
  "betterend:recipes/misc/aeternium_forged_plate": {
    "criteria": {
      "has_item.betterend.aeternium_ingot": "2024-08-13 11:35:19 +0800"
    },
    "done": true
  },
  "betterend:aeternium_plate": {
    "criteria": {
      "got_aeternium_plate": "2024-08-13 11:35:19 +0800"
    },
    "done": true
  },
  "betterend:recipes/misc/aeternium_hammer_head": {
    "criteria": {
      "has_item.betterend.aeternium_ingot": "2024-08-13 11:35:19 +0800"
    },
    "done": true
  },
  "betterend:recipes/misc/aeternium_shovel_head": {
    "criteria": {
      "has_item.betterend.aeternium_ingot": "2024-08-13 11:35:19 +0800"
    },
    "done": true
  },
  "betterend:recipes/misc/aeternium_sword_blade": {
    "criteria": {
      "has_item.betterend.aeternium_ingot": "2024-08-13 11:35:19 +0800"
    },
    "done": true
  },
  "betterend:recipes/misc/diorite_lantern": {
    "criteria": {
      "has_crystal_shards": "2024-08-13 11:35:20 +0800"
    },
    "done": true
  },
  "betterend:recipes/misc/end_stone_lantern": {
    "criteria": {
      "has_crystal_shards": "2024-08-13 11:35:20 +0800"
    },
    "done": true
  },
  "betterend:recipes/misc/sulphuric_rock_lantern": {
    "criteria": {
      "has_crystal_shards": "2024-08-13 11:35:20 +0800"
    },
    "done": true
  },
  "betterend:recipes/misc/flavolite_lantern": {
    "criteria": {
      "has_crystal_shards": "2024-08-13 11:35:20 +0800"
    },
    "done": true
  },
  "betterend:recipes/misc/azure_jadestone_lantern": {
    "criteria": {
      "has_crystal_shards": "2024-08-13 11:35:20 +0800"
    },
    "done": true
  },
  "betterend:recipes/misc/ender_eye_amber": {
    "criteria": {
      "has_crystal_shards": "2024-08-13 11:35:20 +0800"
    },
    "done": true
  },
  "betterend:recipes/misc/violecite_lantern": {
    "criteria": {
      "has_crystal_shards": "2024-08-13 11:35:20 +0800"
    },
    "done": true
  },
  "betterend:recipes/misc/aurora_block": {
    "criteria": {
      "has_crystal_shards": "2024-08-13 11:35:20 +0800"
    },
    "done": true
  },
  "betterend:recipes/misc/granite_lantern": {
    "criteria": {
      "has_crystal_shards": "2024-08-13 11:35:20 +0800"
    },
    "done": true
  },
  "betterend:recipes/misc/andesite_lantern": {
    "criteria": {
      "has_crystal_shards": "2024-08-13 11:35:20 +0800"
    },
    "done": true
  },
  "betterend:recipes/misc/quartz_lantern": {
    "criteria": {
      "has_crystal_shards": "2024-08-13 11:35:20 +0800"
    },
    "done": true
  },
  "betterend:recipes/misc/purpur_lantern": {
    "criteria": {
      "has_crystal_shards": "2024-08-13 11:35:20 +0800"
    },
    "done": true
  },
  "betterend:recipes/misc/blackstone_lantern": {
    "criteria": {
      "has_crystal_shards": "2024-08-13 11:35:20 +0800"
    },
    "done": true
  },
  "betterend:recipes/misc/sandy_jadestone_lantern": {
    "criteria": {
      "has_crystal_shards": "2024-08-13 11:35:20 +0800"
    },
    "done": true
  },
  "betterend:recipes/misc/virid_jadestone_lantern": {
    "criteria": {
      "has_crystal_shards": "2024-08-13 11:35:20 +0800"
    },
    "done": true
  },
  "betterend:recipes/misc/umbralith_lantern": {
    "criteria": {
      "has_crystal_shards": "2024-08-13 11:35:20 +0800"
    },
    "done": true
  },
  "betterend:recipes/misc/amber_gem": {
    "criteria": {
      "has_raw_amber": "2024-08-13 11:35:21 +0800"
    },
    "done": true
  },
  "betterend:recipes/misc/amber_block": {
    "criteria": {
      "has_amber_gem": "2024-08-13 11:35:22 +0800"
    },
    "done": true
  },
  "betterend:recipes/misc/terminite_bulb_lantern": {
    "criteria": {
      "has_glowing_bulb": "2024-08-13 11:35:22 +0800"
    },
    "done": true
  },
  "betterend:recipes/misc/thallasium_bulb_lantern": {
    "criteria": {
      "has_glowing_bulb": "2024-08-13 11:35:22 +0800"
    },
    "done": true
  },
  "betterend:recipes/misc/iron_bulb_lantern": {
    "criteria": {
      "has_glowing_bulb": "2024-08-13 11:35:22 +0800"
    },
    "done": true
  },
  "betterend:recipes/misc/sulphur_gunpowder": {
    "criteria": {
      "has_crystalline_sulphur": "2024-08-13 11:35:23 +0800"
    },
    "done": true
  },
  "betterend:recipes/misc/blossom_berry_jelly_potion": {
    "criteria": {
      "has_gelatine": "2024-08-13 11:35:26 +0800"
    },
    "done": true
  },
  "betterend:recipes/misc/petal_block": {
    "criteria": {
      "has_hydralux_petal": "2024-08-13 11:35:26 +0800"
    },
    "done": true
  },
  "betterend:recipes/misc/petal_white_dye": {
    "criteria": {
      "has_hydralux_petal": "2024-08-13 11:35:26 +0800"
    },
    "done": true
  },
  "betterend:recipes/misc/enchanted_petal": {
    "criteria": {
      "has_item.betterend.hydralux_petal": "2024-08-13 11:35:26 +0800"
    },
    "done": true
  },
  "betterend:recipes/misc/shadow_berry_jelly": {
    "criteria": {
      "has_gelatine": "2024-08-13 11:35:26 +0800"
    },
    "done": true
  },
  "betterend:recipes/misc/shadow_berry_jelly_potion": {
    "criteria": {
      "has_gelatine": "2024-08-13 11:35:26 +0800"
    },
    "done": true
  },
  "betterend:recipes/misc/sweet_berry_jelly": {
    "criteria": {
      "has_gelatine": "2024-08-13 11:35:26 +0800"
    },
    "done": true
  },
  "betterend:recipes/misc/sweet_berry_jelly_potion": {
    "criteria": {
      "has_gelatine": "2024-08-13 11:35:26 +0800"
    },
    "done": true
  },
  "betterend:recipes/misc/blossom_berry_jelly": {
    "criteria": {
      "has_gelatine": "2024-08-13 11:35:26 +0800"
    },
    "done": true
  },
  "betterend:recipes/misc/respawn_obelisk": {
    "criteria": {
      "has_eternal_crystal": "2024-08-13 11:35:27 +0800"
    },
    "done": true
  },
  "betterend:recipes/misc/stripes_to_leather": {
    "criteria": {
      "has_leather_stripe": "2024-08-13 11:35:32 +0800"
    },
    "done": true
  },
  "betterend:recipes/misc/aeternium_sword_handle": {
    "criteria": {
      "has_item.betterend.leather_wrapped_stick": "2024-08-13 11:35:33 +0800"
    },
    "done": true
  },
  "betterend:recipes/misc/fiber_string": {
    "criteria": {
      "has_silk_fiber": "2024-08-13 11:35:34 +0800"
    },
    "done": true
  },
  "betterend:recipes/misc/thallasium_chandelier": {
    "criteria": {
      "has_lumecorn_rod": "2024-08-13 11:35:35 +0800"
    },
    "done": true
  },
  "betterend:recipes/misc/terminite_chandelier": {
    "criteria": {
      "has_lumecorn_rod": "2024-08-13 11:35:35 +0800"
    },
    "done": true
  },
  "betterend:recipes/misc/gold_chandelier": {
    "criteria": {
      "has_lumecorn_rod": "2024-08-13 11:35:35 +0800"
    },
    "done": true
  },
  "betterend:recipes/misc/iron_chandelier": {
    "criteria": {
      "has_lumecorn_rod": "2024-08-13 11:35:35 +0800"
    },
    "done": true
  },
  "betterend:recipes/misc/silk_moth_hive": {
    "criteria": {
      "has_silk_moth_matrix": "2024-08-13 11:35:36 +0800"
    },
    "done": true
  },
  "betterend:aeternium_tool": {
    "criteria": {
      "got_aeternium_pickaxe": "2024-08-13 11:36:01 +0800",
      "got_aeternium_axe": "2024-08-13 11:36:14 +0800",
      "got_aeternium_hoe": "2024-08-13 11:36:12 +0800",
      "got_aeternium_sword": "2024-08-13 11:36:01 +0800",
      "got_aeternium_shovel": "2024-08-13 11:36:00 +0800"
    },
    "done": true
  },
  "betterend:recipes/misc/aeternium_sword": {
    "criteria": {
      "has_item.betterend.aeternium_sword_blade": "2024-08-13 11:36:08 +0800"
    },
    "done": true
  },
  "betterend:aeternium_hammer_head": {
    "criteria": {
      "got_aeternium_hammer_head": "2024-08-13 11:36:09 +0800"
    },
    "done": true
  },
  "betterend:recipes/misc/aeternium_hammer": {
    "criteria": {
      "has_item.betterend.aeternium_hammer_head": "2024-08-13 11:36:09 +0800"
    },
    "done": true
  },
  "betterend:aeternium_tool_head": {
    "criteria": {
      "got_aeternium_sword_head": "2024-08-13 11:36:18 +0800",
      "got_aeternium_hoe_head": "2024-08-13 11:36:10 +0800",
      "got_aeternium_axe_head": "2024-08-13 11:36:10 +0800",
      "got_aeternium_shovel_head": "2024-08-13 11:36:11 +0800",
      "got_aeternium_pickaxe_head": "2024-08-13 11:36:11 +0800"
    },
    "done": true
  },
  "betterend:recipes/misc/aeternium_axe": {
    "criteria": {
      "has_item.betterend.aeternium_axe_head": "2024-08-13 11:36:10 +0800"
    },
    "done": true
  },
  "betterend:recipes/misc/aeternium_hoe": {
    "criteria": {
      "has_item.betterend.aeternium_hoe_head": "2024-08-13 11:36:10 +0800"
    },
    "done": true
  },
  "betterend:recipes/misc/aeternium_shovel": {
    "criteria": {
      "has_item.betterend.aeternium_shovel_head": "2024-08-13 11:36:11 +0800"
    },
    "done": true
  },
  "betterend:recipes/misc/aeternium_pickaxe": {
    "criteria": {
      "has_item.betterend.aeternium_pickaxe_head": "2024-08-13 11:36:11 +0800"
    },
    "done": true
  },
  "betterend:aeternium_hammer": {
    "criteria": {
      "got_aeternium_hammer": "2024-08-13 11:36:13 +0800"
    },
    "done": true
  },
  "betterend:recipes/misc/netherite_hammer": {
    "criteria": {
      "has_item.betterend.diamond_hammer": "2024-08-13 11:36:21 +0800"
    },
    "done": true
  },
  "betterend:recipes/misc/end_berry_smelting": {
    "criteria": {
      "has_item.betterend.shadow_berry_raw": "2024-08-13 11:36:23 +0800"
    },
    "done": true
  },
  "betterend:recipes/misc/end_berry_campfire": {
    "criteria": {
      "has_item.betterend.shadow_berry_raw": "2024-08-13 11:36:23 +0800"
    },
    "done": true
  },
  "betterend:recipes/misc/end_berry_smoker": {
    "criteria": {
      "has_item.betterend.shadow_berry_raw": "2024-08-13 11:36:23 +0800"
    },
    "done": true
  },
  "betterend:recipes/misc/shadow_berry_seeds": {
    "criteria": {
      "has_shadow_berry_raw": "2024-08-13 11:36:23 +0800"
    },
    "done": true
  },
  "betterend:recipes/misc/end_fish_smoker": {
    "criteria": {
      "has_item.betterend.end_fish_raw": "2024-08-13 11:36:25 +0800"
    },
    "done": true
  },
  "betterend:recipes/misc/end_fish_campfire": {
    "criteria": {
      "has_item.betterend.end_fish_raw": "2024-08-13 11:36:25 +0800"
    },
    "done": true
  },
  "betterend:recipes/misc/end_fish_smelting": {
    "criteria": {
      "has_item.betterend.end_fish_raw": "2024-08-13 11:36:25 +0800"
    },
    "done": true
  },
  "betterend:all_the_templates": {
    "criteria": {
      "got_netherite": "2024-08-13 11:36:36 +0800",
      "got_leather": "2024-08-13 11:36:31 +0800",
      "got_plate": "2024-08-13 11:36:33 +0800",
      "got_aeternium": "2024-08-13 11:36:36 +0800",
      "got_handle": "2024-08-13 11:36:30 +0800",
      "got_tool": "2024-08-13 11:36:32 +0800",
      "got_terminite": "2024-08-13 11:36:35 +0800",
      "got_thallasium": "2024-08-13 11:36:34 +0800"
    },
    "done": true
  },
  "betterend:recipes/misc/thallasium_ingot_furnace_raw_blasting": {
    "criteria": {
      "has_item.betterend.thallasium_raw": "2024-08-13 11:36:37 +0800"
    },
    "done": true
  },
  "betterend:recipes/misc/thallasium_ingot_furnace_raw_smelting": {
    "criteria": {
      "has_item.betterend.thallasium_raw": "2024-08-13 11:36:37 +0800"
    },
    "done": true
  },
  "betterend:recipes/misc/thallasium_ingot_from_nuggets": {
    "criteria": {
      "has_thallasium_nugget": "2024-08-13 11:36:39 +0800"
    },
    "done": true
  },
  "betterend:recipes/misc/thallasium_chain": {
    "criteria": {
      "has_thallasium_nugget": "2024-08-13 11:36:39 +0800"
    },
    "done": true
  },
  "betterend:recipes/misc/thallasium_nuggets_from_ingot": {
    "criteria": {
      "has_thallasium_ingot": "2024-08-13 11:36:40 +0800"
    },
    "done": true
  },
  "betterend:thallasium_tool_head": {
    "criteria": {
      "got_thallasium_shovel_head": "2024-08-13 11:36:40 +0800"
    },
    "done": true
  },
  "betterend:recipes/misc/thallasium_pressure_plate": {
    "criteria": {
      "has_thallasium_ingot": "2024-08-13 11:36:40 +0800"
    },
    "done": true
  },
  "create:recipes/misc/crafting/materials/andesite_alloy": {
    "criteria": {
      "has_item": "2024-08-13 11:36:40 +0800"
    },
    "done": true
  },
  "betterend:recipes/misc/thallasium_block": {
    "criteria": {
      "has_thallasium_ingot": "2024-08-13 11:36:40 +0800"
    },
    "done": true
  },
  "bclib:recipes/transportation/tag_minecart": {
    "criteria": {
      "has_tag_c_iron_ingots": "2024-08-13 11:36:40 +0800"
    },
    "done": true
  },
  "bclib:recipes/misc/tag_bucket": {
    "criteria": {
      "has_tag_c_iron_ingots": "2024-08-13 11:36:40 +0800"
    },
    "done": true
  },
  "betterend:recipes/misc/end_stone_smelter": {
    "criteria": {
      "has_thallasium_ingot": "2024-08-13 11:36:40 +0800"
    },
    "done": true
  },
  "betterend:recipes/misc/thallasium_shovel": {
    "criteria": {
      "has_item.betterend.thallasium_shovel_head": "2024-08-13 11:36:40 +0800"
    },
    "done": true
  },
  "create:recipes/building_blocks/industrial_iron_block_from_iron_ingots_stonecutting": {
    "criteria": {
      "has_iron_ingots": "2024-08-13 11:36:40 +0800"
    },
    "done": true
  },
  "createoreexcavation:recipes/misc/drill": {
    "criteria": {
      "iron": "2024-08-13 11:36:40 +0800"
    },
    "done": true
  },
  "bclib:recipes/decorations/tag_smith_table": {
    "criteria": {
      "has_tag_c_iron_ingots": "2024-08-13 11:36:40 +0800"
    },
    "done": true
  },
  "bclib:recipes/combat/tag_shield": {
    "criteria": {
      "has_tag_c_iron_ingots": "2024-08-13 11:36:40 +0800"
    },
    "done": true
  },
  "create:recipes/misc/crafting/kinetics/empty_blaze_burner": {
    "criteria": {
      "has_item": "2024-08-13 11:36:40 +0800"
    },
    "done": true
  },
  "betterend:recipes/misc/thallasium_bars": {
    "criteria": {
      "has_thallasium_ingot": "2024-08-13 11:36:40 +0800"
    },
    "done": true
  },
  "betterend:recipes/misc/thallasium_trapdoor": {
    "criteria": {
      "has_thallasium_ingot": "2024-08-13 11:36:40 +0800"
    },
    "done": true
  },
  "betterend:recipes/misc/thallasium_anvil": {
    "criteria": {
      "has_thallasium_ingot": "2024-08-13 11:36:40 +0800"
    },
    "done": true
  },
  "betterend:recipes/misc/thallasium_door": {
    "criteria": {
      "has_thallasium_ingot": "2024-08-13 11:36:40 +0800"
    },
    "done": true
  },
  "bclib:recipes/redstone/tag_hopper": {
    "criteria": {
      "has_tag_c_iron_ingots": "2024-08-13 11:36:40 +0800"
    },
    "done": true
  },
  "bclib:recipes/brewing/tag_cauldron": {
    "criteria": {
      "has_tag_c_iron_ingots": "2024-08-13 11:36:40 +0800"
    },
    "done": true
  },
  "bclib:recipes/decorations/tag_stonecutter": {
    "criteria": {
      "has_tag_c_iron_ingots": "2024-08-13 11:36:40 +0800"
    },
    "done": true
  },
  "betterend:recipes/misc/thallasium_pickaxe": {
    "criteria": {
      "has_item.betterend.thallasium_pickaxe_head": "2024-08-13 11:36:41 +0800"
    },
    "done": true
  },
  "betterend:recipes/misc/thallasium_axe": {
    "criteria": {
      "has_item.betterend.thallasium_axe_head": "2024-08-13 11:36:42 +0800"
    },
    "done": true
  },
  "betterend:recipes/misc/thallasium_hoe": {
    "criteria": {
      "has_item.betterend.thallasium_hoe_head": "2024-08-13 11:36:43 +0800"
    },
    "done": true
  },
  "betterend:recipes/misc/thallasium_sword": {
    "criteria": {
      "has_item.betterend.thallasium_sword_blade": "2024-08-13 11:36:43 +0800"
    },
    "done": true
  },
  "betterend:thallasium_tool": {
    "criteria": {
      "got_thallasium_shovel": "2024-08-13 11:36:45 +0800"
    },
    "done": true
  },
  "betterend:recipes/misc/thallasium_sword_nugget_smelting": {
    "criteria": {
      "has_item.betterend.thallasium_sword": "2024-08-13 11:36:49 +0800"
    },
    "done": true
  },
  "betterend:recipes/misc/thallasium_pickaxe_nugget_smelting": {
    "criteria": {
      "has_item.betterend.thallasium_pickaxe": "2024-08-13 11:36:49 +0800"
    },
    "done": true
  },
  "betterend:recipes/misc/thallasium_sword_nugget_blasting": {
    "criteria": {
      "has_item.betterend.thallasium_sword": "2024-08-13 11:36:49 +0800"
    },
    "done": true
  },
  "betterend:recipes/misc/thallasium_pickaxe_nugget_blasting": {
    "criteria": {
      "has_item.betterend.thallasium_pickaxe": "2024-08-13 11:36:49 +0800"
    },
    "done": true
  },
  "betterend:recipes/misc/thallasium_hoe_nugget_smelting": {
    "criteria": {
      "has_item.betterend.thallasium_hoe": "2024-08-13 11:36:51 +0800"
    },
    "done": true
  },
  "betterend:recipes/misc/thallasium_hoe_nugget_blasting": {
    "criteria": {
      "has_item.betterend.thallasium_hoe": "2024-08-13 11:36:51 +0800"
    },
    "done": true
  },
  "betterend:recipes/misc/thallasium_axe_nugget_smelting": {
    "criteria": {
      "has_item.betterend.thallasium_axe": "2024-08-13 11:36:51 +0800"
    },
    "done": true
  },
  "betterend:recipes/misc/thallasium_axe_nugget_blasting": {
    "criteria": {
      "has_item.betterend.thallasium_axe": "2024-08-13 11:36:51 +0800"
    },
    "done": true
  },
  "betterend:recipes/misc/thallasium_hammer_nugget_blasting": {
    "criteria": {
      "has_item.betterend.thallasium_hammer": "2024-08-13 11:36:52 +0800"
    },
    "done": true
  },
  "betterend:recipes/misc/thallasium_hammer_nugget_smelting": {
    "criteria": {
      "has_item.betterend.thallasium_hammer": "2024-08-13 11:36:52 +0800"
    },
    "done": true
  },
  "betterend:recipes/misc/thallasium_leggings": {
    "criteria": {
      "has_thallasium_forged_plate": "2024-08-13 11:36:53 +0800"
    },
    "done": true
  },
  "betterend:recipes/misc/thallasium_helmet_nugget_blasting": {
    "criteria": {
      "has_item.betterend.thallasium_helmet": "2024-08-13 11:36:53 +0800"
    },
    "done": true
  },
  "betterend:recipes/misc/thallasium_chestplate": {
    "criteria": {
      "has_thallasium_forged_plate": "2024-08-13 11:36:53 +0800"
    },
    "done": true
  },
  "betterend:recipes/misc/thallasium_helmet": {
    "criteria": {
      "has_thallasium_forged_plate": "2024-08-13 11:36:53 +0800"
    },
    "done": true
  },
  "betterend:recipes/misc/thallasium_helmet_nugget_smelting": {
    "criteria": {
      "has_item.betterend.thallasium_helmet": "2024-08-13 11:36:53 +0800"
    },
    "done": true
  },
  "betterend:recipes/misc/thallasium_boots": {
    "criteria": {
      "has_thallasium_forged_plate": "2024-08-13 11:36:53 +0800"
    },
    "done": true
  },
  "betterend:thallasium_plate": {
    "criteria": {
      "got_thallasium_plate": "2024-08-13 11:36:53 +0800"
    },
    "done": true
  },
  "betterend:thallasium_armor": {
    "criteria": {
      "got_thallasium_helmet": "2024-08-13 11:36:53 +0800"
    },
    "done": true
  },
  "betterend:recipes/misc/thallasium_chestplate_nugget_smelting": {
    "criteria": {
      "has_item.betterend.thallasium_chestplate": "2024-08-13 11:36:54 +0800"
    },
    "done": true
  },
  "betterend:recipes/misc/thallasium_chestplate_nugget_blasting": {
    "criteria": {
      "has_item.betterend.thallasium_chestplate": "2024-08-13 11:36:54 +0800"
    },
    "done": true
  },
  "betterend:recipes/misc/thallasium_leggings_nugget_blasting": {
    "criteria": {
      "has_item.betterend.thallasium_leggings": "2024-08-13 11:36:55 +0800"
    },
    "done": true
  },
  "betterend:recipes/misc/thallasium_leggings_nugget_smelting": {
    "criteria": {
      "has_item.betterend.thallasium_leggings": "2024-08-13 11:36:55 +0800"
    },
    "done": true
  },
  "betterend:recipes/misc/thallasium_boots_nugget_smelting": {
    "criteria": {
      "has_item.betterend.thallasium_boots": "2024-08-13 11:36:57 +0800"
    },
    "done": true
  },
  "betterend:recipes/misc/thallasium_boots_nugget_blasting": {
    "criteria": {
      "has_item.betterend.thallasium_boots": "2024-08-13 11:36:57 +0800"
    },
    "done": true
  },
  "betterend:recipes/misc/terminite_chain": {
    "criteria": {
      "has_terminite_nugget": "2024-08-13 11:36:58 +0800"
    },
    "done": true
  },
  "betterend:recipes/misc/terminite_ingot_from_nuggets": {
    "criteria": {
      "has_terminite_nugget": "2024-08-13 11:36:58 +0800"
    },
    "done": true
  },
  "betterend:recipes/misc/terminite_pressure_plate": {
    "criteria": {
      "has_terminite_ingot": "2024-08-13 11:36:59 +0800"
    },
    "done": true
  },
  "betterend:recipes/misc/terminite_shovel": {
    "criteria": {
      "has_item.betterend.terminite_shovel_head": "2024-08-13 11:36:59 +0800"
    },
    "done": true
  },
  "betterend:recipes/misc/terminite_bars": {
    "criteria": {
      "has_terminite_ingot": "2024-08-13 11:36:59 +0800"
    },
    "done": true
  },
  "betterend:recipes/misc/terminite_door": {
    "criteria": {
      "has_terminite_ingot": "2024-08-13 11:36:59 +0800"
    },
    "done": true
  },
  "betterend:recipes/misc/terminite_trapdoor": {
    "criteria": {
      "has_terminite_ingot": "2024-08-13 11:36:59 +0800"
    },
    "done": true
  },
  "betterend:recipes/misc/terminite_block": {
    "criteria": {
      "has_terminite_ingot": "2024-08-13 11:36:59 +0800"
    },
    "done": true
  },
  "betterend:terminite_tool_head": {
    "criteria": {
      "got_terminite_shovel_head": "2024-08-13 11:36:59 +0800"
    },
    "done": true
  },
  "betterend:recipes/misc/terminite_anvil": {
    "criteria": {
      "has_terminite_ingot": "2024-08-13 11:36:59 +0800"
    },
    "done": true
  },
  "betterend:recipes/misc/terminite_nuggets_from_ingot": {
    "criteria": {
      "has_terminite_ingot": "2024-08-13 11:36:59 +0800"
    },
    "done": true
  },
  "betterend:recipes/misc/terminite_pickaxe": {
    "criteria": {
      "has_item.betterend.terminite_pickaxe_head": "2024-08-13 11:37:00 +0800"
    },
    "done": true
  },
  "betterend:recipes/misc/terminite_axe": {
    "criteria": {
      "has_item.betterend.terminite_axe_head": "2024-08-13 11:37:01 +0800"
    },
    "done": true
  },
  "betterend:recipes/misc/terminite_sword": {
    "criteria": {
      "has_item.betterend.terminite_sword_blade": "2024-08-13 11:37:02 +0800"
    },
    "done": true
  },
  "betterend:recipes/misc/terminite_hoe": {
    "criteria": {
      "has_item.betterend.terminite_hoe_head": "2024-08-13 11:37:02 +0800"
    },
    "done": true
  },
  "betterend:recipes/misc/terminite_helmet_nugget_smelting": {
    "criteria": {
      "has_item.betterend.terminite_helmet": "2024-08-13 11:37:13 +0800"
    },
    "done": true
  },
  "betterend:recipes/misc/terminite_leggings": {
    "criteria": {
      "has_terminite_forged_plate": "2024-08-13 11:37:13 +0800"
    },
    "done": true
  },
  "betterend:recipes/misc/terminite_helmet_nugget_blasting": {
    "criteria": {
      "has_item.betterend.terminite_helmet": "2024-08-13 11:37:13 +0800"
    },
    "done": true
  },
  "betterend:terminite_plate": {
    "criteria": {
      "got_erminite_plate": "2024-08-13 11:37:13 +0800"
    },
    "done": true
  },
  "betterend:recipes/misc/terminite_boots": {
    "criteria": {
      "has_terminite_forged_plate": "2024-08-13 11:37:13 +0800"
    },
    "done": true
  },
  "betterend:terminite_armor": {
    "criteria": {
      "got_terminite_helmet": "2024-08-13 11:37:13 +0800"
    },
    "done": true
  },
  "betterend:recipes/misc/crystalite_helmet": {
    "criteria": {
      "has_item.betterend.terminite_helmet": "2024-08-13 11:37:13 +0800"
    },
    "done": true
  },
  "betterend:recipes/misc/terminite_helmet": {
    "criteria": {
      "has_terminite_forged_plate": "2024-08-13 11:37:13 +0800"
    },
    "done": true
  },
  "betterend:recipes/misc/aeternium_helmet": {
    "criteria": {
      "has_item.betterend.terminite_helmet": "2024-08-13 11:37:13 +0800"
    },
    "done": true
  },
  "betterend:recipes/misc/terminite_chestplate": {
    "criteria": {
      "has_terminite_forged_plate": "2024-08-13 11:37:13 +0800"
    },
    "done": true
  },
  "betterend:recipes/misc/terminite_chestplate_nugget_blasting": {
    "criteria": {
      "has_item.betterend.terminite_chestplate": "2024-08-13 11:37:14 +0800"
    },
    "done": true
  },
  "betterend:recipes/misc/terminite_chestplate_nugget_smelting": {
    "criteria": {
      "has_item.betterend.terminite_chestplate": "2024-08-13 11:37:14 +0800"
    },
    "done": true
  },
  "betterend:recipes/misc/aeternium_chestplate": {
    "criteria": {
      "has_item.betterend.terminite_chestplate": "2024-08-13 11:37:14 +0800"
    },
    "done": true
  },
  "betterend:recipes/misc/crystalite_chestplate": {
    "criteria": {
      "has_item.betterend.terminite_chestplate": "2024-08-13 11:37:14 +0800"
    },
    "done": true
  },
  "betterend:recipes/misc/terminite_leggings_nugget_blasting": {
    "criteria": {
      "has_item.betterend.terminite_leggings": "2024-08-13 11:37:16 +0800"
    },
    "done": true
  },
  "betterend:recipes/misc/terminite_leggings_nugget_smelting": {
    "criteria": {
      "has_item.betterend.terminite_leggings": "2024-08-13 11:37:16 +0800"
    },
    "done": true
  },
  "betterend:recipes/misc/crystalite_leggings": {
    "criteria": {
      "has_item.betterend.terminite_leggings": "2024-08-13 11:37:16 +0800"
    },
    "done": true
  },
  "betterend:recipes/misc/aeternium_leggings": {
    "criteria": {
      "has_item.betterend.terminite_leggings": "2024-08-13 11:37:16 +0800"
    },
    "done": true
  },
  "betterend:recipes/misc/crystalite_boots": {
    "criteria": {
      "has_item.betterend.terminite_boots": "2024-08-13 11:37:17 +0800"
    },
    "done": true
  },
  "betterend:recipes/misc/terminite_boots_nugget_smelting": {
    "criteria": {
      "has_item.betterend.terminite_boots": "2024-08-13 11:37:17 +0800"
    },
    "done": true
  },
  "betterend:recipes/misc/terminite_boots_nugget_blasting": {
    "criteria": {
      "has_item.betterend.terminite_boots": "2024-08-13 11:37:17 +0800"
    },
    "done": true
  },
  "betterend:recipes/misc/aeternium_boots": {
    "criteria": {
      "has_item.betterend.terminite_boots": "2024-08-13 11:37:17 +0800"
    },
    "done": true
  },
  "betterend:aeternium_anvil": {
    "criteria": {
      "got_aeternium_anvil": "2024-08-13 11:38:25 +0800"
    },
    "done": true
  },
  "betterend:infusion": {
    "criteria": {
      "infusion_pedestal": "2024-08-13 11:38:28 +0800"
    },
    "done": true
  },
  "betterend:recipes/misc/armored_elytra": {
    "criteria": {
      "has_item.minecraft.elytra": "2024-08-13 11:39:25 +0800"
    },
    "done": true
  },
  "minecraft:end/elytra": {
    "criteria": {
      "elytra": "2024-08-13 11:39:25 +0800"
    },
    "done": true
  },
  "betterend:recipes/misc/crystalite_elytra": {
    "criteria": {
      "has_item.minecraft.elytra": "2024-08-13 11:39:25 +0800"
    },
    "done": true
  },
  "minecraft:recipes/decorations/end_crystal": {
    "criteria": {
      "has_ender_eye": "2024-08-13 11:47:18 +0800"
    },
    "done": true
  },
  "minecraft:recipes/decorations/ender_chest": {
    "criteria": {
      "has_ender_eye": "2024-08-13 11:47:18 +0800"
    },
    "done": true
  },
  "betterend:recipes/misc/infusion_pedestal": {
    "criteria": {
      "has_ender_eye": "2024-08-13 11:47:18 +0800"
    },
    "done": true
  },
  "createoreexcavation:recipes/misc/vein_finder": {
    "criteria": {
      "diamond": "2024-08-13 11:47:18 +0800"
    },
    "done": true
  },
  "minecraft:adventure/root": {
    "criteria": {
      "killed_something": "2024-08-13 11:47:29 +0800"
    },
    "done": true
  },
  "betterend:recipes/misc/ender_perl_to_block": {
    "criteria": {
      "has_ender_pearl": "2024-08-13 11:47:43 +0800"
    },
    "done": true
  },
  "betterend:recipes/misc/ender_pearl_to_dust": {
    "criteria": {
      "has_item.minecraft.ender_pearl": "2024-08-13 11:47:43 +0800"
    },
    "done": true
  },
  "minecraft:end/enter_end_gateway": {
    "criteria": {
      "entered_end_gateway": "2024-08-13 11:47:48 +0800"
    },
    "done": true
  },
  "betterend:all_the_biomes": {
    "criteria": {
      "betterend:crystal_mountains": "2024-08-13 11:48:52 +0800",
      "betterend:dry_shrubland": "2024-08-13 11:48:04 +0800",
      "betterend:shadow_forest": "2024-08-13 11:48:13 +0800",
      "betterend:amber_land": "2024-08-13 11:54:18 +0800",
      "betterend:sulphur_springs": "2024-08-13 11:50:16 +0800",
      "betterend:foggy_mushroomland": "2024-08-13 11:51:54 +0800",
      "betterend:ice_starfield": "2024-08-13 11:47:56 +0800",
      "betterend:empty_smaragdant_cave": "2024-08-13 11:51:57 +0800",
      "betterend:glowing_grasslands": "2024-08-13 11:48:29 +0800",
      "betterend:lush_aurora_cave": "2024-08-13 11:51:42 +0800",
      "betterend:jade_cave": "2024-08-13 11:53:04 +0800",
      "betterend:megalake_grove": "2024-08-13 11:49:41 +0800",
      "betterend:umbra_valley": "2024-08-13 11:48:37 +0800",
      "betterend:chorus_forest": "2024-08-13 11:48:03 +0800",
      "betterend:lantern_woods": "2024-08-13 11:48:27 +0800",
      "betterend:umbrella_jungle": "2024-08-13 11:49:05 +0800",
      "betterend:lush_smaragdant_cave": "2024-08-13 11:53:07 +0800",
      "betterend:megalake": "2024-08-13 11:51:30 +0800",
      "betterend:blossoming_spires": "2024-08-13 11:50:21 +0800"
    },
    "done": false
  },
  "minecraft:end/find_end_city": {
    "criteria": {
      "in_city": "2024-08-13 11:49:13 +0800"
    },
    "done": true
  },
  "create:recipes/building_blocks/small_calcite_brick_wall_from_stone_types_calcite_stonecutting": {
    "criteria": {
      "has_stone_types_calcite": "2024-08-19 12:43:09 +0800"
    },
    "done": true
  },
  "create:recipes/building_blocks/polished_cut_calcite_stairs_from_stone_types_calcite_stonecutting": {
    "criteria": {
      "has_stone_types_calcite": "2024-08-19 12:43:09 +0800"
    },
    "done": true
  },
  "betterend:recipes/decorations/lucernia_hanging_sign": {
    "criteria": {
      "has_chain": "2024-08-19 12:43:10 +0800"
    },
    "done": true
  },
  "create:recipes/building_blocks/small_calcite_brick_stairs_from_stone_types_calcite_stonecutting": {
    "criteria": {
      "has_stone_types_calcite": "2024-08-19 12:43:09 +0800"
    },
    "done": true
  },
  "create:recipes/building_blocks/cut_calcite_bricks_from_stone_types_calcite_stonecutting": {
    "criteria": {
      "has_stone_types_calcite": "2024-08-19 12:43:09 +0800"
    },
    "done": true
  },
  "create:recipes/building_blocks/layered_calcite_from_stone_types_calcite_stonecutting": {
    "criteria": {
      "has_stone_types_calcite": "2024-08-19 12:43:09 +0800"
    },
    "done": true
  },
  "create:recipes/building_blocks/cut_calcite_wall_from_stone_types_calcite_stonecutting": {
    "criteria": {
      "has_stone_types_calcite": "2024-08-19 12:43:09 +0800"
    },
    "done": true
  },
  "create:recipes/building_blocks/calcite_pillar_from_stone_types_calcite_stonecutting": {
    "criteria": {
      "has_stone_types_calcite": "2024-08-19 12:43:09 +0800"
    },
    "done": true
  },
  "betterend:recipes/decorations/lacugrove_hanging_sign": {
    "criteria": {
      "has_chain": "2024-08-19 12:43:10 +0800"
    },
    "done": true
  },
  "betterend:recipes/decorations/umbrella_tree_hanging_sign": {
    "criteria": {
      "has_chain": "2024-08-19 12:43:10 +0800"
    },
    "done": true
  },
  "create:recipes/building_blocks/polished_cut_calcite_from_stone_types_calcite_stonecutting": {
    "criteria": {
      "has_stone_types_calcite": "2024-08-19 12:43:09 +0800"
    },
    "done": true
  },
  "betterend:recipes/decorations/lucernia_jellyshroom_hanging_sign": {
    "criteria": {
      "has_chain": "2024-08-19 12:43:10 +0800"
    },
    "done": true
  },
  "create:recipes/building_blocks/cut_calcite_slab_from_stone_types_calcite_stonecutting": {
    "criteria": {
      "has_stone_types_calcite": "2024-08-19 12:43:09 +0800"
    },
    "done": true
  },
  "create:recipes/building_blocks/small_calcite_brick_slab_from_stone_types_calcite_stonecutting": {
    "criteria": {
      "has_stone_types_calcite": "2024-08-19 12:43:09 +0800"
    },
    "done": true
  },
  "betterend:recipes/decorations/tenanea_hanging_sign": {
    "criteria": {
      "has_chain": "2024-08-19 12:43:10 +0800"
    },
    "done": true
  },
  "betterend:recipes/decorations/jellyshroom_hanging_sign": {
    "criteria": {
      "has_chain": "2024-08-19 12:43:10 +0800"
    },
    "done": true
  },
  "create:recipes/building_blocks/cut_calcite_brick_slab_from_stone_types_calcite_stonecutting": {
    "criteria": {
      "has_stone_types_calcite": "2024-08-19 12:43:09 +0800"
    },
    "done": true
  },
  "betterend:recipes/decorations/helix_tree_hanging_sign": {
    "criteria": {
      "has_chain": "2024-08-19 12:43:10 +0800"
    },
    "done": true
  },
  "create:recipes/building_blocks/polished_cut_calcite_wall_from_stone_types_calcite_stonecutting": {
    "criteria": {
      "has_stone_types_calcite": "2024-08-19 12:43:09 +0800"
    },
    "done": true
  },
  "betterend:recipes/decorations/dragon_tree_hanging_sign": {
    "criteria": {
      "has_chain": "2024-08-19 12:43:10 +0800"
    },
    "done": true
  },
  "betterend:recipes/decorations/mossy_glowshroom_hanging_sign": {
    "criteria": {
      "has_chain": "2024-08-19 12:43:10 +0800"
    },
    "done": true
  },
  "create:recipes/building_blocks/polished_cut_calcite_slab_from_stone_types_calcite_stonecutting": {
    "criteria": {
      "has_stone_types_calcite": "2024-08-19 12:43:09 +0800"
    },
    "done": true
  },
  "create:recipes/building_blocks/cut_calcite_from_stone_types_calcite_stonecutting": {
    "criteria": {
      "has_stone_types_calcite": "2024-08-19 12:43:09 +0800"
    },
    "done": true
  },
  "create:recipes/building_blocks/calcite_from_stone_types_calcite_stonecutting": {
    "criteria": {
      "has_stone_types_calcite": "2024-08-19 12:43:09 +0800"
    },
    "done": true
  },
  "create:recipes/building_blocks/cut_calcite_brick_stairs_from_stone_types_calcite_stonecutting": {
    "criteria": {
      "has_stone_types_calcite": "2024-08-19 12:43:09 +0800"
    },
    "done": true
  },
  "create:recipes/building_blocks/cut_calcite_stairs_from_stone_types_calcite_stonecutting": {
    "criteria": {
      "has_stone_types_calcite": "2024-08-19 12:43:09 +0800"
    },
    "done": true
  },
  "create:recipes/building_blocks/small_calcite_bricks_from_stone_types_calcite_stonecutting": {
    "criteria": {
      "has_stone_types_calcite": "2024-08-19 12:43:09 +0800"
    },
    "done": true
  },
  "betterend:recipes/decorations/end_lotus_hanging_sign": {
    "criteria": {
      "has_chain": "2024-08-19 12:43:10 +0800"
    },
    "done": true
  },
  "create:recipes/building_blocks/cut_calcite_brick_wall_from_stone_types_calcite_stonecutting": {
    "criteria": {
      "has_stone_types_calcite": "2024-08-19 12:43:09 +0800"
    },
    "done": true
  },
  "betterend:recipes/decorations/pythadendron_hanging_sign": {
    "criteria": {
      "has_chain": "2024-08-19 12:43:10 +0800"
    },
    "done": true
  },
  "DataVersion": 3465
}