{
  "minecraft:recipes/decorations/crafting_table": {
    "criteria": {
      "unlock_right_away": "2024-08-14 19:57:01 +0800"
    },
    "done": true
  },
  "betterend:root": {
    "criteria": {
      "welcome": "2024-08-14 19:57:02 +0800"
    },
    "done": true
  },
  "minecraft:adventure/adventuring_time": {
    "criteria": {
      "minecraft:plains": "2024-08-14 19:57:02 +0800"
    },
    "done": false
  },
  "create:root": {
    "criteria": {
      "0": "2024-08-14 19:57:37 +0800"
    },
    "done": true
  },
  "farmersdelight:main/root": {
    "criteria": {
      "seeds": "2024-08-14 19:57:37 +0800"
    },
    "done": true
  },
  "betterend:recipes/misc/armored_elytra": {
    "criteria": {
      "has_item.minecraft.elytra": "2024-08-14 19:59:54 +0800"
    },
    "done": true
  },
  "minecraft:end/elytra": {
    "criteria": {
      "elytra": "2024-08-14 19:59:54 +0800"
    },
    "done": true
  },
  "betterend:recipes/misc/crystalite_elytra": {
    "criteria": {
      "has_item.minecraft.elytra": "2024-08-14 19:59:54 +0800"
    },
    "done": true
  },
  "betterend:all_elytras": {
    "criteria": {
      "vanilla": "2024-08-14 19:59:54 +0800"
    },
    "done": false
  },
  "create:wrench_goggles": {
    "criteria": {
      "0": "2024-08-14 20:03:02 +0800",
      "1": "2024-08-14 20:01:41 +0800"
    },
    "done": true
  },
  "create:recipes/misc/crafting/kinetics/gearboxfrom_conversion": {
    "criteria": {
      "has_item": "2024-08-14 20:02:49 +0800"
    },
    "done": true
  },
  "vinery:grass_slab": {
    "criteria": {
      "has_grass_block": "2024-08-14 20:02:54 +0800"
    },
    "done": true
  },
  "vinery:coarse_dirt_slab": {
    "criteria": {
      "has_coarse_dirt": "2024-08-14 20:04:13 +0800"
    },
    "done": true
  },
  "minecraft:recipes/decorations/chest": {
    "criteria": {
      "has_lots_of_items": "2024-08-14 20:04:20 +0800"
    },
    "done": true
  },
  "minecraft:husbandry/obtain_netherite_hoe": {
    "criteria": {
      "netherite_hoe": "2024-08-14 20:04:20 +0800"
    },
    "done": true
  },
  "create:contraption_actors": {
    "criteria": {
      "0": "2024-08-14 20:06:04 +0800"
    },
    "done": true
  },
  "create:recipes/misc/crafting/kinetics/crafter_slot_cover": {
    "criteria": {
      "has_item": "2024-08-14 20:06:41 +0800"
    },
    "done": true
  },
  "minecraft:recipes/building_blocks/red_concrete_powder": {
    "criteria": {
      "has_gravel": "2024-08-14 20:07:17 +0800"
    },
    "done": true
  },
  "minecraft:recipes/building_blocks/green_concrete_powder": {
    "criteria": {
      "has_gravel": "2024-08-14 20:07:17 +0800"
    },
    "done": true
  },
  "minecraft:recipes/building_blocks/blue_concrete_powder": {
    "criteria": {
      "has_gravel": "2024-08-14 20:07:17 +0800"
    },
    "done": true
  },
  "minecraft:recipes/building_blocks/lime_concrete_powder": {
    "criteria": {
      "has_gravel": "2024-08-14 20:07:17 +0800"
    },
    "done": true
  },
  "minecraft:recipes/building_blocks/orange_concrete_powder": {
    "criteria": {
      "has_gravel": "2024-08-14 20:07:17 +0800"
    },
    "done": true
  },
  "minecraft:recipes/building_blocks/magenta_concrete_powder": {
    "criteria": {
      "has_gravel": "2024-08-14 20:07:17 +0800"
    },
    "done": true
  },
  "minecraft:recipes/building_blocks/black_concrete_powder": {
    "criteria": {
      "has_gravel": "2024-08-14 20:07:17 +0800"
    },
    "done": true
  },
  "minecraft:recipes/building_blocks/purple_concrete_powder": {
    "criteria": {
      "has_gravel": "2024-08-14 20:07:17 +0800"
    },
    "done": true
  },
  "minecraft:recipes/building_blocks/cyan_concrete_powder": {
    "criteria": {
      "has_gravel": "2024-08-14 20:07:17 +0800"
    },
    "done": true
  },
  "minecraft:recipes/building_blocks/coarse_dirt": {
    "criteria": {
      "has_gravel": "2024-08-14 20:07:17 +0800"
    },
    "done": true
  },
  "minecraft:recipes/building_blocks/light_gray_concrete_powder": {
    "criteria": {
      "has_gravel": "2024-08-14 20:07:17 +0800"
    },
    "done": true
  },
  "minecraft:recipes/building_blocks/pink_concrete_powder": {
    "criteria": {
      "has_gravel": "2024-08-14 20:07:17 +0800"
    },
    "done": true
  },
  "minecraft:recipes/building_blocks/brown_concrete_powder": {
    "criteria": {
      "has_gravel": "2024-08-14 20:07:17 +0800"
    },
    "done": true
  },
  "minecraft:recipes/building_blocks/light_blue_concrete_powder": {
    "criteria": {
      "has_gravel": "2024-08-14 20:07:17 +0800"
    },
    "done": true
  },
  "minecraft:recipes/building_blocks/white_concrete_powder": {
    "criteria": {
      "has_gravel": "2024-08-14 20:07:17 +0800"
    },
    "done": true
  },
  "minecraft:recipes/building_blocks/yellow_concrete_powder": {
    "criteria": {
      "has_gravel": "2024-08-14 20:07:17 +0800"
    },
    "done": true
  },
  "minecraft:recipes/building_blocks/gray_concrete_powder": {
    "criteria": {
      "has_gravel": "2024-08-14 20:07:17 +0800"
    },
    "done": true
  },
  "vinery:dirt_slab": {
    "criteria": {
      "has_dirt": "2024-08-14 20:07:22 +0800"
    },
    "done": true
  },
  "minecraft:recipes/misc/pink_dye_from_pink_tulip": {
    "criteria": {
      "has_pink_tulip": "2024-08-14 20:12:32 +0800"
    },
    "done": true
  },
  "minecraft:recipes/transportation/cherry_boat": {
    "criteria": {
      "in_water": "2024-08-14 20:19:44 +0800"
    },
    "done": true
  },
  "minecraft:recipes/transportation/bamboo_raft": {
    "criteria": {
      "in_water": "2024-08-14 20:19:44 +0800"
    },
    "done": true
  },
  "minecraft:recipes/transportation/acacia_boat": {
    "criteria": {
      "in_water": "2024-08-14 20:19:44 +0800"
    },
    "done": true
  },
  "minecraft:recipes/transportation/jungle_boat": {
    "criteria": {
      "in_water": "2024-08-14 20:19:44 +0800"
    },
    "done": true
  },
  "minecraft:recipes/transportation/spruce_boat": {
    "criteria": {
      "in_water": "2024-08-14 20:19:44 +0800"
    },
    "done": true
  },
  "minecraft:recipes/transportation/birch_boat": {
    "criteria": {
      "in_water": "2024-08-14 20:19:44 +0800"
    },
    "done": true
  },
  "minecraft:recipes/transportation/oak_boat": {
    "criteria": {
      "in_water": "2024-08-14 20:19:44 +0800"
    },
    "done": true
  },
  "minecraft:recipes/transportation/mangrove_boat": {
    "criteria": {
      "in_water": "2024-08-14 20:19:44 +0800"
    },
    "done": true
  },
  "minecraft:recipes/transportation/dark_oak_boat": {
    "criteria": {
      "in_water": "2024-08-14 20:19:44 +0800"
    },
    "done": true
  },
  "farmersdelight:main/get_rich_soil": {
    "criteria": {
      "get_rich_soil": "2024-08-17 18:17:55 +0800"
    },
    "done": true
  },
  "farmersdelight:recipes/food/cooking/rabbit_stew": {
    "criteria": {
      "has_any_ingredient": "2024-08-17 18:18:01 +0800"
    },
    "done": true
  },
  "farmersdelight:recipes/farmersdelight/cooking/mushroom_rice": {
    "criteria": {
      "has_any_ingredient": "2024-08-17 18:18:01 +0800"
    },
    "done": true
  },
  "minecraft:recipes/misc/bowl": {
    "criteria": {
      "has_brown_mushroom": "2024-08-17 18:18:01 +0800"
    },
    "done": true
  },
  "farmersdelight:recipes/farmersdelight/cooking/vegetable_noodles": {
    "criteria": {
      "has_any_ingredient": "2024-08-17 18:18:01 +0800"
    },
    "done": true
  },
  "minecraft:recipes/food/mushroom_stew": {
    "criteria": {
      "has_brown_mushroom": "2024-08-17 18:18:01 +0800"
    },
    "done": true
  },
  "farmersdelight:recipes/food/cooking/mushroom_stew": {
    "criteria": {
      "has_any_ingredient": "2024-08-17 18:18:01 +0800"
    },
    "done": true
  },
  "farmersdelight:main/plant_all_crops": {
    "criteria": {
      "brown_mushroom": "2024-08-17 18:18:02 +0800"
    },
    "done": false
  },
  "minecraft:recipes/misc/white_dye": {
    "criteria": {
      "has_bone_meal": "2024-08-17 18:18:09 +0800"
    },
    "done": true
  },
  "betterend:recipes/misc/sulphur_gunpowder": {
    "criteria": {
      "has_bone_meal": "2024-08-17 18:18:09 +0800"
    },
    "done": true
  },
  "create:recipes/misc/crafting/appliances/tree_fertilizer": {
    "criteria": {
      "has_item": "2024-08-17 18:18:09 +0800"
    },
    "done": true
  },
  "farmersdelight:recipes/farmersdelight/cooking/dog_food": {
    "criteria": {
      "has_any_ingredient": "2024-08-17 18:18:09 +0800"
    },
    "done": true
  },
  "minecraft:recipes/building_blocks/bone_block": {
    "criteria": {
      "has_bone_meal": "2024-08-17 18:18:09 +0800"
    },
    "done": true
  },
  "farmersdelight:main/get_mushroom_colony": {
    "criteria": {
      "brown_mushroom_colony": "2024-08-17 18:18:46 +0800"
    },
    "done": true
  },
  "farmersdelight:recipes/farmersdelight/horse_feed": {
    "criteria": {
      "has_golden_carrot": "2024-08-20 20:28:45 +0800"
    },
    "done": true
  },
  "createdeco:recipes/decorations/iron_catwalk_stairs_from_stonecutting": {
    "criteria": {
      "has_item": "2024-08-20 20:29:26 +0800"
    },
    "done": true
  },
  "bclib:recipes/tools/tag_compass": {
    "criteria": {
      "has_tag_c_iron_ingots": "2024-08-20 20:29:26 +0800"
    },
    "done": true
  },
  "farmersdelight:recipes/farmersdelight/iron_knife": {
    "criteria": {
      "has_iron_ingot": "2024-08-20 20:29:26 +0800"
    },
    "done": true
  },
  "minecraft:recipes/combat/iron_helmet": {
    "criteria": {
      "has_iron_ingot": "2024-08-20 20:29:26 +0800"
    },
    "done": true
  },
  "minecraft:recipes/tools/shears": {
    "criteria": {
      "has_iron_ingot": "2024-08-20 20:29:26 +0800"
    },
    "done": true
  },
  "createdeco:recipes/decorations/iron_catwalk_from_stonecutting": {
    "criteria": {
      "has_item": "2024-08-20 20:29:26 +0800"
    },
    "done": true
  },
  "minecraft:recipes/building_blocks/iron_block": {
    "criteria": {
      "has_iron_ingot": "2024-08-20 20:29:26 +0800"
    },
    "done": true
  },
  "minecraft:recipes/misc/red_dye_from_poppy": {
    "criteria": {
      "has_poppy": "2024-08-20 20:29:26 +0800"
    },
    "done": true
  },
  "createdeco:recipes/decorations/iron_mesh_fence_from_stonecutting": {
    "criteria": {
      "has_item": "2024-08-20 20:29:26 +0800"
    },
    "done": true
  },
  "createdeco:recipes/decorations/iron_ladder_from_stonecutting": {
    "criteria": {
      "has_item": "2024-08-20 20:29:26 +0800"
    },
    "done": true
  },
  "create:recipes/misc/crafting/materials/andesite_alloy": {
    "criteria": {
      "has_item": "2024-08-20 20:29:26 +0800"
    },
    "done": true
  },
  "vinery:big_table": {
    "criteria": {
      "has_iron_ingot": "2024-08-20 20:29:26 +0800"
    },
    "done": true
  },
  "minecraft:recipes/redstone/hopper": {
    "criteria": {
      "has_iron_ingot": "2024-08-20 20:29:26 +0800"
    },
    "done": true
  },
  "createdeco:recipes/building_blocks/iron_window": {
    "criteria": {
      "has_item": "2024-08-20 20:29:26 +0800"
    },
    "done": true
  },
  "minecraft:recipes/combat/iron_boots": {
    "criteria": {
      "has_iron_ingot": "2024-08-20 20:29:26 +0800"
    },
    "done": true
  },
  "minecraft:recipes/decorations/lantern": {
    "criteria": {
      "has_iron_ingot": "2024-08-20 20:29:26 +0800"
    },
    "done": true
  },
  "bclib:recipes/transportation/tag_minecart": {
    "criteria": {
      "has_tag_c_iron_ingots": "2024-08-20 20:29:26 +0800"
    },
    "done": true
  },
  "minecraft:recipes/tools/iron_shovel": {
    "criteria": {
      "has_iron_ingot": "2024-08-20 20:29:26 +0800"
    },
    "done": true
  },
  "bclib:recipes/misc/tag_bucket": {
    "criteria": {
      "has_tag_c_iron_ingots": "2024-08-20 20:29:26 +0800"
    },
    "done": true
  },
  "minecraft:recipes/redstone/iron_trapdoor": {
    "criteria": {
      "has_iron_ingot": "2024-08-20 20:29:26 +0800"
    },
    "done": true
  },
  "farmersdelight:recipes/farmersdelight/cooking_pot": {
    "criteria": {
      "has_iron_ingot": "2024-08-20 20:29:26 +0800"
    },
    "done": true
  },
  "createdeco:recipes/decorations/iron_catwalk_railing_from_stonecutting": {
    "criteria": {
      "has_item": "2024-08-20 20:29:26 +0800"
    },
    "done": true
  },
  "minecraft:recipes/combat/crossbow": {
    "criteria": {
      "has_iron_ingot": "2024-08-20 20:29:26 +0800"
    },
    "done": true
  },
  "bclib:recipes/redstone/tag_piston": {
    "criteria": {
      "has_tag_c_iron_ingots": "2024-08-20 20:29:26 +0800"
    },
    "done": true
  },
  "minecraft:recipes/redstone/heavy_weighted_pressure_plate": {
    "criteria": {
      "has_iron_ingot": "2024-08-20 20:29:26 +0800"
    },
    "done": true
  },
  "minecraft:recipes/combat/iron_leggings": {
    "criteria": {
      "has_iron_ingot": "2024-08-20 20:29:26 +0800"
    },
    "done": true
  },
  "create:recipes/building_blocks/industrial_iron_block_from_iron_ingots_stonecutting": {
    "criteria": {
      "has_iron_ingots": "2024-08-20 20:29:26 +0800"
    },
    "done": true
  },
  "minecraft:recipes/combat/iron_chestplate": {
    "criteria": {
      "has_iron_ingot": "2024-08-20 20:29:26 +0800"
    },
    "done": true
  },
  "betterend:recipes/misc/copy_plate_upgrade": {
    "criteria": {
      "has_iron_ingot": "2024-08-20 20:29:26 +0800"
    },
    "done": true
  },
  "betterend:recipes/misc/iron_chandelier": {
    "criteria": {
      "has_iron_ingot": "2024-08-20 20:29:26 +0800"
    },
    "done": true
  },
  "minecraft:recipes/misc/iron_nugget": {
    "criteria": {
      "has_iron_ingot": "2024-08-20 20:29:26 +0800"
    },
    "done": true
  },
  "minecraft:recipes/misc/bucket": {
    "criteria": {
      "has_iron_ingot": "2024-08-20 20:29:26 +0800"
    },
    "done": true
  },
  "createoreexcavation:recipes/misc/drill": {
    "criteria": {
      "iron": "2024-08-20 20:29:26 +0800"
    },
    "done": true
  },
  "minecraft:recipes/transportation/minecart": {
    "criteria": {
      "has_iron_ingot": "2024-08-20 20:29:26 +0800"
    },
    "done": true
  },
  "minecraft:recipes/tools/iron_hoe": {
    "criteria": {
      "has_iron_ingot": "2024-08-20 20:29:26 +0800"
    },
    "done": true
  },
  "bclib:recipes/decorations/tag_smith_table": {
    "criteria": {
      "has_tag_c_iron_ingots": "2024-08-20 20:29:26 +0800"
    },
    "done": true
  },
  "minecraft:story/smelt_iron": {
    "criteria": {
      "iron": "2024-08-20 20:29:26 +0800"
    },
    "done": true
  },
  "createdeco:recipes/decorations/iron_bars_overlay_from_stonecutting": {
    "criteria": {
      "has_item": "2024-08-20 20:29:26 +0800"
    },
    "done": true
  },
  "createdeco:recipes/decorations/iron_support_wedge_from_stonecutting": {
    "criteria": {
      "has_item": "2024-08-20 20:29:26 +0800"
    },
    "done": true
  },
  "minecraft:recipes/decorations/chain": {
    "criteria": {
      "has_iron_ingot": "2024-08-20 20:29:26 +0800"
    },
    "done": true
  },
  "bclib:recipes/transportation/tag_rail": {
    "criteria": {
      "has_tag_c_iron_ingots": "2024-08-20 20:29:26 +0800"
    },
    "done": true
  },
  "minecraft:recipes/decorations/smithing_table": {
    "criteria": {
      "has_iron_ingot": "2024-08-20 20:29:26 +0800"
    },
    "done": true
  },
  "bclib:recipes/combat/tag_shield": {
    "criteria": {
      "has_tag_c_iron_ingots": "2024-08-20 20:29:26 +0800"
    },
    "done": true
  },
  "create:recipes/misc/crafting/kinetics/empty_blaze_burner": {
    "criteria": {
      "has_item": "2024-08-20 20:29:26 +0800"
    },
    "done": true
  },
  "betterend:recipes/misc/iron_hammer": {
    "criteria": {
      "has_iron_ingot": "2024-08-20 20:29:26 +0800"
    },
    "done": true
  },
  "createdeco:recipes/decorations/iron_support": {
    "criteria": {
      "has_item": "2024-08-20 20:29:26 +0800"
    },
    "done": true
  },
  "minecraft:recipes/combat/iron_sword": {
    "criteria": {
      "has_iron_ingot": "2024-08-20 20:29:26 +0800"
    },
    "done": true
  },
  "minecraft:recipes/tools/iron_pickaxe": {
    "criteria": {
      "has_iron_ingot": "2024-08-20 20:29:26 +0800"
    },
    "done": true
  },
  "minecraft:recipes/combat/shield": {
    "criteria": {
      "has_iron_ingot": "2024-08-20 20:29:26 +0800"
    },
    "done": true
  },
  "betterend:recipes/misc/iron_bulb_lantern": {
    "criteria": {
      "has_iron_ingot": "2024-08-20 20:29:26 +0800"
    },
    "done": true
  },
  "minecraft:recipes/decorations/iron_bars": {
    "criteria": {
      "has_iron_ingot": "2024-08-20 20:29:26 +0800"
    },
    "done": true
  },
  "minecraft:recipes/tools/iron_axe": {
    "criteria": {
      "has_iron_ingot": "2024-08-20 20:29:26 +0800"
    },
    "done": true
  },
  "bclib:recipes/redstone/tag_hopper": {
    "criteria": {
      "has_tag_c_iron_ingots": "2024-08-20 20:29:26 +0800"
    },
    "done": true
  },
  "bclib:recipes/brewing/tag_cauldron": {
    "criteria": {
      "has_tag_c_iron_ingots": "2024-08-20 20:29:26 +0800"
    },
    "done": true
  },
  "bclib:recipes/decorations/tag_stonecutter": {
    "criteria": {
      "has_tag_c_iron_ingots": "2024-08-20 20:29:26 +0800"
    },
    "done": true
  },
  "minecraft:recipes/redstone/iron_door": {
    "criteria": {
      "has_iron_ingot": "2024-08-20 20:29:26 +0800"
    },
    "done": true
  },
  "create:recipes/misc/crafting/kinetics/light_gray_valve_handle_from_other_valve_handle": {
    "criteria": {
      "has_valve": "2024-08-21 16:36:02 +0800"
    },
    "done": true
  },
  "create:recipes/misc/crafting/kinetics/brown_valve_handle_from_other_valve_handle": {
    "criteria": {
      "has_valve": "2024-08-21 16:36:02 +0800"
    },
    "done": true
  },
  "bclib:recipes/decorations/tag_shulker_box": {
    "criteria": {
      "has_tag_c_chest": "2024-08-21 16:04:16 +0800"
    },
    "done": true
  },
  "farmersdelight:recipes/food/cooking/beetroot_soup": {
    "criteria": {
      "has_beetroot": "2024-08-21 15:58:01 +0800"
    },
    "done": true
  },
  "create:recipes/building_blocks/cut_diorite_slab_from_stone_types_diorite_stonecutting": {
    "criteria": {
      "has_stone_types_diorite": "2024-08-21 16:04:06 +0800"
    },
    "done": true
  },
  "betterend:recipes/misc/flavolite_slab_stonecutting": {
    "criteria": {
      "has_block.betterend.flavolite": "2024-08-21 17:01:32 +0800"
    },
    "done": true
  },
  "minecraft:story/mine_stone": {
    "criteria": {
      "get_stone": "2024-08-21 17:01:32 +0800"
    },
    "done": true
  },
  "minecraft:recipes/decorations/furnace": {
    "criteria": {
      "has_cobblestone": "2024-08-21 17:01:32 +0800"
    },
    "done": true
  },
  "minecraft:recipes/food/beetroot_soup": {
    "criteria": {
      "has_beetroot": "2024-08-21 15:58:01 +0800"
    },
    "done": true
  },
  "betterend:recipes/misc/flavolite_wall_stonecutting": {
    "criteria": {
      "has_block.betterend.flavolite": "2024-08-21 17:01:32 +0800"
    },
    "done": true
  },
  "create:recipes/building_blocks/cut_diorite_brick_slab_from_stone_types_diorite_stonecutting": {
    "criteria": {
      "has_stone_types_diorite": "2024-08-21 16:04:06 +0800"
    },
    "done": true
  },
  "betterend:recipes/misc/flavolite_brick_wall_stonecutting": {
    "criteria": {
      "has_block.betterend.flavolite": "2024-08-21 17:01:32 +0800"
    },
    "done": true
  },
  "farmersdelight:recipes/farmersdelight/cooking/vegetable_soup": {
    "criteria": {
      "has_any_ingredient": "2024-08-21 15:58:01 +0800"
    },
    "done": true
  },
  "betterend:recipes/misc/flavolite_brick_slab_stonecutting": {
    "criteria": {
      "has_block.betterend.flavolite": "2024-08-21 17:01:32 +0800"
    },
    "done": true
  },
  "create:recipes/misc/crafting/kinetics/green_valve_handle_from_other_valve_handle": {
    "criteria": {
      "has_valve": "2024-08-21 16:36:02 +0800"
    },
    "done": true
  },
  "create:recipes/building_blocks/small_diorite_brick_slab_from_stone_types_diorite_stonecutting": {
    "criteria": {
      "has_stone_types_diorite": "2024-08-21 16:04:06 +0800"
    },
    "done": true
  },
  "minecraft:recipes/decorations/soul_torch": {
    "criteria": {
      "has_soul_sand": "2024-08-21 15:57:23 +0800"
    },
    "done": true
  },
  "minecraft:recipes/misc/bone_meal_from_bone_block": {
    "criteria": {
      "has_bone_block": "2024-08-21 16:25:25 +0800"
    },
    "done": true
  },
  "betterend:recipes/misc/flavolite_furnace": {
    "criteria": {
      "has_flavolite": "2024-08-21 17:01:32 +0800"
    },
    "done": true
  },
  "extended_drawers:recipes/decorations/double_drawer": {
    "criteria": {
      "has_chest": "2024-08-21 16:04:16 +0800"
    },
    "done": true
  },
  "minecraft:recipes/tools/stone_pickaxe": {
    "criteria": {
      "has_cobblestone": "2024-08-21 17:01:32 +0800"
    },
    "done": true
  },
  "create:recipes/combat/crafting/appliances/netherite_backtank": {
    "criteria": {
      "has_item": "2024-08-21 16:38:17 +0800"
    },
    "done": true
  },
  "minecraft:recipes/misc/red_dye_from_beetroot": {
    "criteria": {
      "has_beetroot": "2024-08-21 15:58:01 +0800"
    },
    "done": true
  },
  "betterend:recipes/misc/flavolite_brick_stair_stonecutting": {
    "criteria": {
      "has_block.betterend.flavolite": "2024-08-21 17:01:32 +0800"
    },
    "done": true
  },
  "create:recipes/misc/crafting/kinetics/lime_valve_handle_from_other_valve_handle": {
    "criteria": {
      "has_valve": "2024-08-21 16:36:02 +0800"
    },
    "done": true
  },
  "create:recipes/misc/crafting/kinetics/white_valve_handle_from_other_valve_handle": {
    "criteria": {
      "has_valve": "2024-08-21 16:36:02 +0800"
    },
    "done": true
  },
  "create:recipes/misc/crafting/kinetics/orange_valve_handle_from_other_valve_handle": {
    "criteria": {
      "has_valve": "2024-08-21 16:36:02 +0800"
    },
    "done": true
  },
  "create:recipes/building_blocks/diorite_from_stone_types_diorite_stonecutting": {
    "criteria": {
      "has_stone_types_diorite": "2024-08-21 16:04:06 +0800"
    },
    "done": true
  },
  "create:recipes/building_blocks/cut_diorite_brick_wall_from_stone_types_diorite_stonecutting": {
    "criteria": {
      "has_stone_types_diorite": "2024-08-21 16:04:06 +0800"
    },
    "done": true
  },
  "create:recipes/misc/crafting/kinetics/gray_valve_handle_from_other_valve_handle": {
    "criteria": {
      "has_valve": "2024-08-21 16:36:02 +0800"
    },
    "done": true
  },
  "betterend:recipes/misc/flavolite_wall": {
    "criteria": {
      "has_flavolite": "2024-08-21 17:01:32 +0800"
    },
    "done": true
  },
  "create:recipes/misc/crafting/appliances/clipboard_clear": {
    "criteria": {
      "has_item": "2024-08-21 16:37:23 +0800"
    },
    "done": true
  },
  "vinery:fermentation_barrel": {
    "criteria": {
      "has_barrel": "2024-08-21 16:47:10 +0800"
    },
    "done": true
  },
  "betterend:recipes/misc/flavolite_tiles_stonecutting": {
    "criteria": {
      "has_block.betterend.flavolite": "2024-08-21 17:01:32 +0800"
    },
    "done": true
  },
  "create:recipes/building_blocks/cut_diorite_brick_stairs_from_stone_types_diorite_stonecutting": {
    "criteria": {
      "has_stone_types_diorite": "2024-08-21 16:04:06 +0800"
    },
    "done": true
  },
  "minecraft:nether/summon_wither": {
    "criteria": {
      "summoned": "2024-08-21 15:56:07 +0800"
    },
    "done": true
  },
  "create:recipes/building_blocks/cut_diorite_from_stone_types_diorite_stonecutting": {
    "criteria": {
      "has_stone_types_diorite": "2024-08-21 16:04:06 +0800"
    },
    "done": true
  },
  "create:belt": {
    "criteria": {
      "0": "2024-08-21 17:13:15 +0800"
    },
    "done": true
  },
  "minecraft:recipes/tools/stone_shovel": {
    "criteria": {
      "has_cobblestone": "2024-08-21 17:01:32 +0800"
    },
    "done": true
  },
  "betterend:recipes/misc/flavolite_pillar_stonecutting": {
    "criteria": {
      "has_block.betterend.flavolite": "2024-08-21 17:01:32 +0800"
    },
    "done": true
  },
  "minecraft:story/enter_the_end": {
    "criteria": {
      "entered_end": "2024-08-21 16:57:22 +0800"
    },
    "done": true
  },
  "create:recipes/building_blocks/cut_diorite_stairs_from_stone_types_diorite_stonecutting": {
    "criteria": {
      "has_stone_types_diorite": "2024-08-21 16:04:06 +0800"
    },
    "done": true
  },
  "create:recipes/building_blocks/small_diorite_bricks_from_stone_types_diorite_stonecutting": {
    "criteria": {
      "has_stone_types_diorite": "2024-08-21 16:04:06 +0800"
    },
    "done": true
  },
  "create:recipes/building_blocks/layered_diorite_from_stone_types_diorite_stonecutting": {
    "criteria": {
      "has_stone_types_diorite": "2024-08-21 16:04:06 +0800"
    },
    "done": true
  },
  "create:recipes/misc/smelting/scoria": {
    "criteria": {
      "has_item": "2024-08-21 15:57:23 +0800"
    },
    "done": true
  },
  "create:recipes/building_blocks/cut_diorite_wall_from_stone_types_diorite_stonecutting": {
    "criteria": {
      "has_stone_types_diorite": "2024-08-21 16:04:06 +0800"
    },
    "done": true
  },
  "create:recipes/building_blocks/small_diorite_brick_wall_from_stone_types_diorite_stonecutting": {
    "criteria": {
      "has_stone_types_diorite": "2024-08-21 16:04:06 +0800"
    },
    "done": true
  },
  "minecraft:recipes/combat/stone_sword": {
    "criteria": {
      "has_cobblestone": "2024-08-21 17:01:32 +0800"
    },
    "done": true
  },
  "minecraft:recipes/tools/stone_axe": {
    "criteria": {
      "has_cobblestone": "2024-08-21 17:01:32 +0800"
    },
    "done": true
  },
  "minecraft:recipes/building_blocks/glass": {
    "criteria": {
      "has_smelts_to_glass": "2024-08-21 16:57:22 +0800"
    },
    "done": true
  },
  "create:recipes/building_blocks/cut_diorite_bricks_from_stone_types_diorite_stonecutting": {
    "criteria": {
      "has_stone_types_diorite": "2024-08-21 16:04:06 +0800"
    },
    "done": true
  },
  "betterend:recipes/misc/flavolite_bricks": {
    "criteria": {
      "has_flavolite": "2024-08-21 17:01:32 +0800"
    },
    "done": true
  },
  "betterend:recipes/misc/flavolite_polished_stonecutting": {
    "criteria": {
      "has_block.betterend.flavolite": "2024-08-21 17:01:32 +0800"
    },
    "done": true
  },
  "create:recipes/misc/crafting/kinetics/black_valve_handle_from_other_valve_handle": {
    "criteria": {
      "has_valve": "2024-08-21 16:36:02 +0800"
    },
    "done": true
  },
  "extended_drawers:recipes/decorations/single_drawer": {
    "criteria": {
      "has_chest": "2024-08-21 16:04:16 +0800"
    },
    "done": true
  },
  "create:recipes/misc/crafting/kinetics/blue_valve_handle_from_other_valve_handle": {
    "criteria": {
      "has_valve": "2024-08-21 16:36:02 +0800"
    },
    "done": true
  },
  "create:recipes/building_blocks/diorite_pillar_from_stone_types_diorite_stonecutting": {
    "criteria": {
      "has_stone_types_diorite": "2024-08-21 16:04:06 +0800"
    },
    "done": true
  },
  "betterend:enter_end": {
    "criteria": {
      "entered_end": "2024-08-21 16:57:22 +0800"
    },
    "done": true
  },
  "betterend:recipes/misc/flavolite_stairs_stonecutting": {
    "criteria": {
      "has_block.betterend.flavolite": "2024-08-21 17:01:32 +0800"
    },
    "done": true
  },
  "minecraft:husbandry/root": {
    "criteria": {
      "consumed_item": "2024-08-21 16:49:10 +0800"
    },
    "done": true
  },
  "betterend:recipes/misc/flavolite_stairs": {
    "criteria": {
      "has_flavolite": "2024-08-21 17:01:32 +0800"
    },
    "done": true
  },
  "create:recipes/building_blocks/polished_cut_diorite_wall_from_stone_types_diorite_stonecutting": {
    "criteria": {
      "has_stone_types_diorite": "2024-08-21 16:04:06 +0800"
    },
    "done": true
  },
  "create:recipes/misc/crafting/kinetics/yellow_valve_handle_from_other_valve_handle": {
    "criteria": {
      "has_valve": "2024-08-21 16:36:02 +0800"
    },
    "done": true
  },
  "create:recipes/misc/crafting/kinetics/light_blue_valve_handle_from_other_valve_handle": {
    "criteria": {
      "has_valve": "2024-08-21 16:36:02 +0800"
    },
    "done": true
  },
  "create:recipes/building_blocks/small_diorite_brick_stairs_from_stone_types_diorite_stonecutting": {
    "criteria": {
      "has_stone_types_diorite": "2024-08-21 16:04:06 +0800"
    },
    "done": true
  },
  "extended_drawers:recipes/decorations/compacting_drawer": {
    "criteria": {
      "has_chest": "2024-08-21 16:04:16 +0800"
    },
    "done": true
  },
  "create:recipes/misc/crafting/kinetics/red_valve_handle_from_other_valve_handle": {
    "criteria": {
      "has_valve": "2024-08-21 16:36:02 +0800"
    },
    "done": true
  },
  "create:recipes/misc/crafting/kinetics/fluid_tank": {
    "criteria": {
      "has_item": "2024-08-21 16:47:10 +0800"
    },
    "done": true
  },
  "minecraft:nether/get_wither_skull": {
    "criteria": {
      "wither_skull": "2024-08-21 15:57:27 +0800"
    },
    "done": true
  },
  "create:recipes/misc/crafting/kinetics/magenta_valve_handle_from_other_valve_handle": {
    "criteria": {
      "has_valve": "2024-08-21 16:36:02 +0800"
    },
    "done": true
  },
  "create_enchantment_industry:spirit_taking": {
    "criteria": {
      "builtin": "2024-08-21 16:42:04 +0800"
    },
    "done": true
  },
  "create:recipes/misc/crafting/kinetics/cyan_valve_handle_from_other_valve_handle": {
    "criteria": {
      "has_valve": "2024-08-21 16:36:02 +0800"
    },
    "done": true
  },
  "betterend:recipes/misc/flavolite_slab": {
    "criteria": {
      "has_flavolite": "2024-08-21 17:01:32 +0800"
    },
    "done": true
  },
  "create:recipes/building_blocks/polished_cut_diorite_stairs_from_stone_types_diorite_stonecutting": {
    "criteria": {
      "has_stone_types_diorite": "2024-08-21 16:04:06 +0800"
    },
    "done": true
  },
  "create:recipes/misc/crafting/kinetics/linear_chassisfrom_conversion": {
    "criteria": {
      "has_item": "2024-08-21 16:54:17 +0800"
    },
    "done": true
  },
  "farmersdelight:recipes/farmersdelight/cooking/ratatouille": {
    "criteria": {
      "has_any_ingredient": "2024-08-21 15:58:01 +0800"
    },
    "done": true
  },
  "betterend:recipes/misc/flavolite_button": {
    "criteria": {
      "has_flavolite": "2024-08-21 17:01:32 +0800"
    },
    "done": true
  },
  "betterend:recipes/misc/flavolite_pressure_plate": {
    "criteria": {
      "has_flavolite": "2024-08-21 17:01:32 +0800"
    },
    "done": true
  },
  "minecraft:recipes/decorations/soul_campfire": {
    "criteria": {
      "has_soul_sand": "2024-08-21 15:57:23 +0800"
    },
    "done": true
  },
  "extended_drawers:recipes/decorations/quad_drawer": {
    "criteria": {
      "has_chest": "2024-08-21 16:04:16 +0800"
    },
    "done": true
  },
  "create:recipes/building_blocks/polished_cut_diorite_from_stone_types_diorite_stonecutting": {
    "criteria": {
      "has_stone_types_diorite": "2024-08-21 16:04:06 +0800"
    },
    "done": true
  },
  "create:recipes/misc/crafting/curiosities/brown_toolbox": {
    "criteria": {
      "has_item": "2024-08-21 17:19:45 +0800"
    },
    "done": true
  },
  "create:recipes/building_blocks/polished_cut_diorite_slab_from_stone_types_diorite_stonecutting": {
    "criteria": {
      "has_stone_types_diorite": "2024-08-21 16:04:06 +0800"
    },
    "done": true
  },
  "minecraft:recipes/building_blocks/sandstone": {
    "criteria": {
      "has_sand": "2024-08-21 16:57:22 +0800"
    },
    "done": true
  },
  "minecraft:end/root": {
    "criteria": {
      "entered_end": "2024-08-21 16:57:22 +0800"
    },
    "done": true
  },
  "betterend:recipes/misc/flavolite_bricks_stonecutting": {
    "criteria": {
      "has_block.betterend.flavolite": "2024-08-21 17:01:32 +0800"
    },
    "done": true
  },
  "create:recipes/misc/crafting/kinetics/purple_valve_handle_from_other_valve_handle": {
    "criteria": {
      "has_valve": "2024-08-21 16:36:02 +0800"
    },
    "done": true
  },
  "minecraft:recipes/tools/stone_hoe": {
    "criteria": {
      "has_cobblestone": "2024-08-21 17:01:32 +0800"
    },
    "done": true
  },
  "create:recipes/misc/crafting/kinetics/item_vault": {
    "criteria": {
      "has_item": "2024-08-21 16:47:10 +0800"
    },
    "done": true
  },
  "betterend:recipes/misc/dragon_bone_block": {
    "criteria": {
      "has_bone_block": "2024-08-21 16:25:25 +0800"
    },
    "done": true
  },
  "create:recipes/misc/crafting/kinetics/pink_valve_handle_from_other_valve_handle": {
    "criteria": {
      "has_valve": "2024-08-21 16:36:02 +0800"
    },
    "done": true
  },
  "minecraft:recipes/misc/skull_banner_pattern": {
    "criteria": {
      "has_wither_skeleton_skull": "2024-08-21 15:57:27 +0800"
    },
    "done": true
  },
  "minecraft:recipes/misc/mojang_banner_pattern": {
    "criteria": {
      "has_enchanted_golden_apple": "2024-08-21 15:53:55 +0800"
    },
    "done": true
  },
  "DataVersion": 3465
}